County,HTML
Alameda,"<style>
  .lnm-ballot-widget, .lnm-ballot-widget *, .lnm-ballot-widget *::before, .lnm-ballot-widget *::after {
    box-sizing: border-box;
  }
  .lnm-ballot-widget {
    font-family: Arial, sans-serif;
    margin: 0;
  }
  .lnm-ballot-widget .race-box {
    background-color: white;
    border: 1px solid #ddd;
    border-radius: 5px;
    margin-bottom: 20px;
    overflow: hidden;
  }
  .lnm-ballot-widget .race-title {
    background-color: #1a3668;
    color: white;
    padding: 10px 14px;
    font-weight: bold;
    font-size: 1em;
  }
  .lnm-ballot-widget .search-wrap { margin-bottom: 16px; position: relative; }
  .lnm-ballot-widget .search-input {
    width: 100%;
    padding: 10px 16px;
    font-size: 15px;
    border: 1px solid #ccc;
    border-radius: 6px;
    background: white;
    outline: none;
    box-shadow: 0 1px 3px rgba(0,0,0,0.08);
  }
  .lnm-ballot-widget .search-input:focus {
    border-color: #1a3668;
    box-shadow: 0 0 0 2px rgba(26,54,104,0.15);
  }
  .lnm-ballot-widget .no-results {
    display: none;
    text-align: center;
    color: #888;
    font-size: 14px;
    padding: 24px 0;
  }
  .lnm-ballot-widget .preview-banner {
    background: #1a3668;
    color: white;
    text-align: center;
    padding: 14px 16px;
    border-radius: 5px;
    margin-bottom: 20px;
  }
  .lnm-ballot-widget .preview-banner-title {
    font-size: 1.15em;
    font-weight: 700;
    letter-spacing: 0.04em;
  }
  .lnm-ballot-widget .preview-banner-sub {
    font-size: 0.85em;
    color: #accf00;
    margin-top: 4px;
    text-transform: uppercase;
    letter-spacing: 0.08em;
  }
  .lnm-ballot-widget .preview-candidate-list { padding: 4px 0; }
  .lnm-ballot-widget .preview-candidate {
    display: flex;
    align-items: flex-start;
    gap: 10px;
    padding: 10px 14px;
    border-top: 1px solid #eee;
  }
  .lnm-ballot-widget .preview-candidate:first-child { border-top: none; }
  .lnm-ballot-widget .preview-candidate-info { display: flex; flex-direction: column; }
  .lnm-ballot-widget .preview-candidate-name {
    font-weight: 700;
    font-size: 0.92em;
    color: #333;
  }
  .lnm-ballot-widget .preview-candidate-designation {
    font-size: 0.82em;
    color: #666;
    margin-top: 2px;
  }
  .lnm-ballot-widget .candidate-party {
    width: 30px; height: 30px;
    border-radius: 50%;
    display: flex; align-items: center; justify-content: center;
    font-size: 11px;
    font-weight: 700;
    flex-shrink: 0;
    position: relative;
    cursor: default;
  }
  .lnm-ballot-widget .candidate-party::after {
    content: attr(data-party);
    position: absolute;
    bottom: calc(100% + 5px);
    left: 0;
    background: rgba(26,54,104,0.92);
    color: white;
    font-size: 11px;
    font-weight: 400;
    white-space: nowrap;
    padding: 4px 9px;
    border-radius: 4px;
    pointer-events: none;
    opacity: 0;
    transition: opacity 0.15s ease;
    z-index: 20;
  }
  .lnm-ballot-widget .candidate-party:hover::after { opacity: 1; }
  .lnm-ballot-widget .party-d { background: #dceef4; color: #1a6e8a; }
  .lnm-ballot-widget .party-r { background: #faeee7; color: #b85c2a; }
  .lnm-ballot-widget .party-i { background: #e8e8e8; color: #666; }
  .lnm-ballot-widget .party-na { background: #e8e8e8; color: #666; font-size: 8px; }
  .lnm-ballot-widget .party-n { background: #e8f0e8; color: #3a6e3a; }
  .lnm-ballot-widget .party-g { background: #e8f0e8; color: #2e7d32; }
  .lnm-ballot-widget .party-l { background: #fff3e0; color: #e65100; }
  .lnm-ballot-widget .party-a { background: #fce4ec; color: #880e4f; }
  .lnm-ballot-widget .party-p { background: #f3e5f5; color: #6a1b9a; }
  .lnm-ballot-widget .preview-measure-list { padding: 4px 0; }
  .lnm-ballot-widget .preview-measure {
    display: flex;
    align-items: flex-start;
    gap: 12px;
    padding: 10px 14px;
    border-top: 1px solid #eee;
  }
  .lnm-ballot-widget .preview-measure:first-child { border-top: none; }
  .lnm-ballot-widget .preview-measure-badge {
    font-size: 0.78em;
    font-weight: 700;
    letter-spacing: 0.06em;
    text-transform: uppercase;
    background: #1a3668;
    color: #accf00;
    padding: 3px 8px;
    border-radius: 4px;
    flex-shrink: 0;
    width: 130px;
    box-sizing: border-box;
    text-align: center;
    margin-top: 1px;
  }
  .lnm-ballot-widget .preview-measure-body { display: flex; flex-direction: column; gap: 4px; }
  .lnm-ballot-widget .preview-measure-jurisdiction {
    font-size: 0.92em;
    font-weight: 700;
    color: #1a3668;
  }
  .lnm-ballot-widget .preview-measure-description {
    font-size: 0.82em;
    color: #555;
    line-height: 1.5;
  }
  .lnm-ballot-widget .uncontested-wrap {
    margin-bottom: 16px;
    border-radius: 5px;
    overflow: hidden;
    border: 1px solid #1a3668;
  }
  .lnm-ballot-widget .uncontested-toggle {
    background-color: #1a3668;
    color: white;
    padding: 10px 16px;
    display: flex;
    justify-content: space-between;
    align-items: center;
    cursor: pointer;
    user-select: none;
  }
  .lnm-ballot-widget .uncontested-toggle-label { font-size: 0.92em; font-weight: 700; letter-spacing: 0.04em; }
  .lnm-ballot-widget .uncontested-toggle-count {
    font-size: 0.82em; color: #accf00; margin-left: 8px;
    font-weight: 400; text-transform: none; letter-spacing: 0;
  }
  .lnm-ballot-widget .uncontested-chevron { transition: transform 0.2s ease; flex-shrink: 0; }
  .lnm-ballot-widget .uncontested-chevron.open { transform: rotate(180deg); }
  .lnm-ballot-widget .uncontested-body { display: none; background: white; }
  .lnm-ballot-widget .uncontested-body.open { display: block; }
  .lnm-ballot-widget .uncontested-row {
    display: flex; align-items: center; justify-content: space-between;
    padding: 10px 16px; border-bottom: 1px solid #f0e68c; gap: 12px;
    background: #fffde7;
  }
  .lnm-ballot-widget .uncontested-row:last-child { border-bottom: none; }
  .lnm-ballot-widget .uncontested-race-name { font-size: 0.88em; font-weight: 700; color: #1a3668; flex: 1; }
  .lnm-ballot-widget .uncontested-candidate { font-size: 0.85em; color: #444; flex: 1; }
  .lnm-ballot-widget .uncontested-profession { font-size: 0.78em; color: #888; flex: 1; font-style: italic; }
  .lnm-ballot-widget .uncontested-badge {
    font-size: 0.72em; font-weight: 700; letter-spacing: 0.05em; text-transform: uppercase;
    background: #f2f7d9; color: #4a6020; border: 1px solid #c8e050;
    padding: 2px 8px; border-radius: 4px; flex-shrink: 0;
  }
</style>
<div class=""lnm-ballot-widget"">
<div class=""preview-banner""><div class=""preview-banner-title"">Alameda County — June 2, 2026 Primary</div><div class=""preview-banner-sub"">Ballot Preview — Not Election Results</div></div><div class=""search-wrap""><input class=""search-input"" type=""text"" autocomplete=""off"" placeholder=""Search races, candidates, measures…"" id=""electionSearch""></div><div class=""no-results"" id=""noResults"">No results found.</div><div class=""uncontested-wrap"" id=""uncontestedWrap""><div class=""uncontested-toggle"" id=""uncontestedToggle""><span><span class=""uncontested-toggle-label"">Uncontested Races</span><span class=""uncontested-toggle-count"">2 races with no opposition</span></span><svg class=""uncontested-chevron"" id=""uncontestedChevron"" width=""16"" height=""16"" viewBox=""0 0 16 16"" fill=""none"" xmlns=""http://www.w3.org/2000/svg""><path d=""M4 6L8 10L12 6"" stroke=""white"" stroke-width=""2"" stroke-linecap=""round"" stroke-linejoin=""round""/></svg></div><div class=""uncontested-body"" id=""uncontestedBody""><div class=""uncontested-row""><div class=""uncontested-race-name"">County Superintendent Of Schools</div><div class=""uncontested-candidate"">Alysse Castro</div><div class=""uncontested-profession"">Alameda County Superintendent of Schools</div><div class=""uncontested-badge"">Uncontested</div></div><div class=""uncontested-row""><div class=""uncontested-race-name"">Supervisor, 3rd District</div><div class=""uncontested-candidate"">Lena Tam</div><div class=""uncontested-profession"">Alameda County Supervisor</div><div class=""uncontested-badge"">Uncontested</div></div></div></div><div class=""race-box""><div class=""race-title"">Superior Court Judge, Office #13</div><div class=""preview-candidate-list""><div class=""preview-candidate""><div class=""candidate-party party-na"" data-party=""Party Designation Not Available"">NA</div><div class=""preview-candidate-info""><div class=""preview-candidate-name"">CABRAL  BONNER</div><div class=""preview-candidate-designation"">Civil Rights Attorney</div></div></div><div class=""preview-candidate""><div class=""candidate-party party-na"" data-party=""Party Designation Not Available"">NA</div><div class=""preview-candidate-info""><div class=""preview-candidate-name"">MICHAEL P. JOHNSON</div><div class=""preview-candidate-designation"">Consumer Protection Attorney</div></div></div></div></div><div class=""race-box""><div class=""race-title"">Superior Court Judge, Office #19</div><div class=""preview-candidate-list""><div class=""preview-candidate""><div class=""candidate-party party-na"" data-party=""Party Designation Not Available"">NA</div><div class=""preview-candidate-info""><div class=""preview-candidate-name"">PATRICIA  MILES</div><div class=""preview-candidate-designation"">Administrative Law Judge</div></div></div><div class=""preview-candidate""><div class=""candidate-party party-na"" data-party=""Party Designation Not Available"">NA</div><div class=""preview-candidate-info""><div class=""preview-candidate-name"">SELIA  WARREN</div><div class=""preview-candidate-designation"">Trial Attorney</div></div></div></div></div><div class=""race-box""><div class=""race-title"">Member, Board Of Education, 4th Trustee Area</div><div class=""preview-candidate-list""><div class=""preview-candidate""><div class=""candidate-party party-na"" data-party=""Party Designation Not Available"">NA</div><div class=""preview-candidate-info""><div class=""preview-candidate-name"">JOSEPH  GRCAR</div><div class=""preview-candidate-designation"">Retired Laboratory Scientist</div></div></div><div class=""preview-candidate""><div class=""candidate-party party-na"" data-party=""Party Designation Not Available"">NA</div><div class=""preview-candidate-info""><div class=""preview-candidate-name"">MARK  HARVEY</div><div class=""preview-candidate-designation"">Consultant/Father/Businessowner</div></div></div><div class=""preview-candidate""><div class=""candidate-party party-na"" data-party=""Party Designation Not Available"">NA</div><div class=""preview-candidate-info""><div class=""preview-candidate-name"">AISHA  KNOWLES</div><div class=""preview-candidate-designation"">Alameda County Board of Education, Trustee Area 4</div></div></div><div class=""preview-candidate""><div class=""candidate-party party-na"" data-party=""Party Designation Not Available"">NA</div><div class=""preview-candidate-info""><div class=""preview-candidate-name"">LUIS  REYNOSO</div><div class=""preview-candidate-designation"">University Business Professor</div></div></div></div></div><div class=""race-box""><div class=""race-title"">Member, Board Of Education, 7th Trustee Area</div><div class=""preview-candidate-list""><div class=""preview-candidate""><div class=""candidate-party party-na"" data-party=""Party Designation Not Available"">NA</div><div class=""preview-candidate-info""><div class=""preview-candidate-name"">CHERYL  COOK-KALLIO</div><div class=""preview-candidate-designation"">Alameda County Board of Education Trustee</div></div></div><div class=""preview-candidate""><div class=""candidate-party party-na"" data-party=""Party Designation Not Available"">NA</div><div class=""preview-candidate-info""><div class=""preview-candidate-name"">SANGEETHA  SHANBHOGUE</div><div class=""preview-candidate-designation"">Parent/Homemaker</div></div></div></div></div><div class=""race-box""><div class=""race-title"">Supervisor, 2nd District</div><div class=""preview-candidate-list""><div class=""preview-candidate""><div class=""candidate-party party-na"" data-party=""Party Designation Not Available"">NA</div><div class=""preview-candidate-info""><div class=""preview-candidate-name"">LIZ  AMES</div><div class=""preview-candidate-designation"">Engineer/BART Director</div></div></div><div class=""preview-candidate""><div class=""candidate-party party-na"" data-party=""Party Designation Not Available"">NA</div><div class=""preview-candidate-info""><div class=""preview-candidate-name"">ROHAN  MARFATIA</div><div class=""preview-candidate-designation"">Business Executive/Parent</div></div></div><div class=""preview-candidate""><div class=""candidate-party party-na"" data-party=""Party Designation Not Available"">NA</div><div class=""preview-candidate-info""><div class=""preview-candidate-name"">ELISA  MÁRQUEZ</div><div class=""preview-candidate-designation"">Alameda County Supervisor</div></div></div></div></div><div class=""race-box""><div class=""race-title"">District Attorney</div><div class=""preview-candidate-list""><div class=""preview-candidate""><div class=""candidate-party party-na"" data-party=""Party Designation Not Available"">NA</div><div class=""preview-candidate-info""><div class=""preview-candidate-name"">URSULA  JONES DICKSON</div><div class=""preview-candidate-designation"">Appointed Alameda County District Attorney</div></div></div><div class=""preview-candidate""><div class=""candidate-party party-na"" data-party=""Party Designation Not Available"">NA</div><div class=""preview-candidate-info""><div class=""preview-candidate-name"">GOPAL  KRISHAN</div><div class=""preview-candidate-designation"">Trial Attorney</div></div></div><div class=""preview-candidate""><div class=""candidate-party party-na"" data-party=""Party Designation Not Available"">NA</div><div class=""preview-candidate-info""><div class=""preview-candidate-name"">PAMELA  PRICE</div><div class=""preview-candidate-designation"">Civil Rights Attorney</div></div></div></div></div><div class=""race-box""><div class=""race-title"">Flood Control &amp; Water Conservation District Director, Zone 7</div><div class=""preview-candidate-list""><div class=""preview-candidate""><div class=""candidate-party party-na"" data-party=""Party Designation Not Available"">NA</div><div class=""preview-candidate-info""><div class=""preview-candidate-name"">SEEMA  BADAR</div><div class=""preview-candidate-designation"">Community Volunteer</div></div></div><div class=""preview-candidate""><div class=""candidate-party party-na"" data-party=""Party Designation Not Available"">NA</div><div class=""preview-candidate-info""><div class=""preview-candidate-name"">ALAN  BURNHAM</div><div class=""preview-candidate-designation"">Chemist/Business Owner</div></div></div><div class=""preview-candidate""><div class=""candidate-party party-na"" data-party=""Party Designation Not Available"">NA</div><div class=""preview-candidate-info""><div class=""preview-candidate-name"">JIM  LEHRMAN</div><div class=""preview-candidate-designation"">Hydrogeologist/Geologist</div></div></div><div class=""preview-candidate""><div class=""candidate-party party-na"" data-party=""Party Designation Not Available"">NA</div><div class=""preview-candidate-info""><div class=""preview-candidate-name"">PATRICIA  MUGA</div><div class=""preview-candidate-designation"">Real Estate Appraiser</div></div></div><div class=""preview-candidate""><div class=""candidate-party party-na"" data-party=""Party Designation Not Available"">NA</div><div class=""preview-candidate-info""><div class=""preview-candidate-name"">SARAH  PALMER</div><div class=""preview-candidate-designation"">Incumbent</div></div></div><div class=""preview-candidate""><div class=""candidate-party party-na"" data-party=""Party Designation Not Available"">NA</div><div class=""preview-candidate-info""><div class=""preview-candidate-name"">RISH  RAO</div><div class=""preview-candidate-designation"">Educator</div></div></div><div class=""preview-candidate""><div class=""candidate-party party-na"" data-party=""Party Designation Not Available"">NA</div><div class=""preview-candidate-info""><div class=""preview-candidate-name"">SEAN  ROBERTS</div><div class=""preview-candidate-designation"">Computer Engineer</div></div></div><div class=""preview-candidate""><div class=""candidate-party party-na"" data-party=""Party Designation Not Available"">NA</div><div class=""preview-candidate-info""><div class=""preview-candidate-name"">HEIDI  TURNER-ZIKA</div><div class=""preview-candidate-designation"">Information Security Officer</div></div></div></div></div><div class=""race-box""><div class=""race-title"">Measures on the Ballot</div><div class=""preview-measure-list""><div class=""preview-measure""><div class=""preview-measure-badge"">Measure A</div><div class=""preview-measure-body""><div class=""preview-measure-jurisdiction"">Peralta Community College District</div><div class=""preview-measure-description"">To continue funding for community colleges in Alameda, Berkeley, and Oakland at existing tax rates, support affordable education to prepare students for jobs/ careers and university transfer; attract/ retain high quality faculty; shall Peralta Community College District's measure be adopted, reauthorizing the existing $48 per parcel annually for 9 years, providing $8,000,000 annually, with oversight, funds that cannot be taken by the state or used for administrator salaries, all benefitting local colleges?</div></div></div><div class=""preview-measure""><div class=""preview-measure-badge"">Bond<br>Measure B</div><div class=""preview-measure-body""><div class=""preview-measure-jurisdiction"">Castro Valley Unified School District</div><div class=""preview-measure-description"">Shall the measure to improve local classrooms/ school facilities: protect student safety/ security; repair/ replace aging roofs, heating, cooling, electrical/ plumbing systems; and update classrooms/ labs for science, technology, engineering, math, core academics, career/job training, by authorizing $212,000,000 in bonds at legal rates, levying $52.30 per $100,000 of assessed value, raising approximately $14,000,000 annually while bonds are outstanding, with independent oversight and all funds staying local, be adopted?</div></div></div><div class=""preview-measure""><div class=""preview-measure-badge"">Measure G</div><div class=""preview-measure-body""><div class=""preview-measure-jurisdiction"">Hayward Unified School District</div><div class=""preview-measure-description"">Shall the measure to support student learning/ protect local schools from deep budget cuts by sustaining strong reading, writing, math/ science programs; attracting/ retaining qualified teachers/ staff; and supporting al students, including those with special needs, by levying a $98 parcel tax for twelve years, providing approximately $4,000,000 annually that cannot be taken by the state/ federal government, with senior exemptions, annual inflation adjustments, and independent oversight, be adopted?</div></div></div><div class=""preview-measure""><div class=""preview-measure-badge"">Measure H</div><div class=""preview-measure-body""><div class=""preview-measure-jurisdiction"">Piedmont Unified School District (City of Piedmont)</div><div class=""preview-measure-description"">To maintain the high quality of Piedmont schools, continue funding programs in math, science, technology, engineering, English, music and arts, attract and retain qualified teachers, update instructional materials and technology, and maintain manageable class sizes, shall Piedmont Unified School District's measure be adopted, renewing the expiring school parcel tax at the then-current rate ($3,174 per parcel) until ended by voters, with independent citizen oversight, annual inflation adjustments, and all funds (approximately $12 million annually) benefiting local students?</div></div></div><div class=""preview-measure""><div class=""preview-measure-badge"">Measure C</div><div class=""preview-measure-body""><div class=""preview-measure-jurisdiction"">City of Oakland</div><div class=""preview-measure-description"">Shall the measure amending Oakland's Business Tax Ordinance to provide one-year business tax exemptions for (1) certain small businesses with annual gross receipts of $1,000,000 or less, including retail sales, grocers, business and personal services, recreation and entertainment, and manufacturing, and (2) businesses that establish a new commercial location in the City; and authorizing the City Council to extend the exemptions on an annual basis for up to three additional years, be adopted?</div></div></div><div class=""preview-measure""><div class=""preview-measure-badge"">Measure D</div><div class=""preview-measure-body""><div class=""preview-measure-jurisdiction"">City of Oakland</div><div class=""preview-measure-description"">Shall the measure amending the City Charter to, among other things, expand the eligibility for service on the Board of the Police and Fire Retirement System and reduce the frequency of the Board's mandatory meetings from monthly to no less than quarterly be adopted?</div></div></div><div class=""preview-measure""><div class=""preview-measure-badge"">Measure E</div><div class=""preview-measure-body""><div class=""preview-measure-jurisdiction"">City of Oakland</div><div class=""preview-measure-description"">Shall the measure to: prevent increased 911 response times; maintain fire stations, fire protection services, police patrols and investigations, and gun-violence and crime prevention services; address homelessness; and remove illegal dumping and trash by imposing a parcel tax of $192 annually for single-family parcels, and other parcels as specified, exempting certain low-income and senior households and others, raising approximately $34,000,000 annually for nine years, with oversight, audits and public disclosure, be adopted?</div></div></div><div class=""preview-measure""><div class=""preview-measure-badge"">Measure F</div><div class=""preview-measure-body""><div class=""preview-measure-jurisdiction"">City of San Leandro</div><div class=""preview-measure-description"">Shall Section 225(a) of the San Leandro City Charter be amended to the following: The Mayor shall be elected by the registered voters of the City at large. All Council Members, except the Mayor, shall be elected by the registered voters of the City by district. In conformance with the California Voting Rights Act, one Council Member shall be nominated and elected from each Council Member district only by the registered voters of that district.</div></div></div></div></div>
</div>
<script>
document.addEventListener('DOMContentLoaded', function() {
  var _ut = document.getElementById(""uncontestedToggle"");
  var _ub = document.getElementById(""uncontestedBody"");
  var _uc = document.getElementById(""uncontestedChevron"");
  if (_ut) {
    _ut.addEventListener(""click"", function() {
      _ub.classList.toggle(""open"");
      _uc.classList.toggle(""open"");
    });
  }
  var input = document.getElementById(""electionSearch"");
  var noResults = document.getElementById(""noResults"");
  if (!input) return;
  input.value = '';
  function runFilter() {
    var q = input.value.trim().toLowerCase();
    var boxes = document.querySelectorAll("".lnm-ballot-widget .race-box"");
    var visible = 0;
    boxes.forEach(function(box) {
      var show = !q || box.textContent.toLowerCase().indexOf(q) !== -1;
      box.style.display = show ? """" : ""none"";
      if (show) visible++;
    });
    if (noResults) noResults.style.display = (q && visible === 0) ? ""block"" : ""none"";
  }
  input.addEventListener(""input"", runFilter);
});
</script>"
Contra Costa,"<style>
  .lnm-ballot-widget, .lnm-ballot-widget *, .lnm-ballot-widget *::before, .lnm-ballot-widget *::after {
    box-sizing: border-box;
  }
  .lnm-ballot-widget {
    font-family: Arial, sans-serif;
    margin: 0;
  }
  .lnm-ballot-widget .race-box {
    background-color: white;
    border: 1px solid #ddd;
    border-radius: 5px;
    margin-bottom: 20px;
    overflow: hidden;
  }
  .lnm-ballot-widget .race-title {
    background-color: #1a3668;
    color: white;
    padding: 10px 14px;
    font-weight: bold;
    font-size: 1em;
  }
  .lnm-ballot-widget .search-wrap { margin-bottom: 16px; position: relative; }
  .lnm-ballot-widget .search-input {
    width: 100%;
    padding: 10px 16px;
    font-size: 15px;
    border: 1px solid #ccc;
    border-radius: 6px;
    background: white;
    outline: none;
    box-shadow: 0 1px 3px rgba(0,0,0,0.08);
  }
  .lnm-ballot-widget .search-input:focus {
    border-color: #1a3668;
    box-shadow: 0 0 0 2px rgba(26,54,104,0.15);
  }
  .lnm-ballot-widget .no-results {
    display: none;
    text-align: center;
    color: #888;
    font-size: 14px;
    padding: 24px 0;
  }
  .lnm-ballot-widget .preview-banner {
    background: #1a3668;
    color: white;
    text-align: center;
    padding: 14px 16px;
    border-radius: 5px;
    margin-bottom: 20px;
  }
  .lnm-ballot-widget .preview-banner-title {
    font-size: 1.15em;
    font-weight: 700;
    letter-spacing: 0.04em;
  }
  .lnm-ballot-widget .preview-banner-sub {
    font-size: 0.85em;
    color: #accf00;
    margin-top: 4px;
    text-transform: uppercase;
    letter-spacing: 0.08em;
  }
  .lnm-ballot-widget .preview-candidate-list { padding: 4px 0; }
  .lnm-ballot-widget .preview-candidate {
    display: flex;
    align-items: flex-start;
    gap: 10px;
    padding: 10px 14px;
    border-top: 1px solid #eee;
  }
  .lnm-ballot-widget .preview-candidate:first-child { border-top: none; }
  .lnm-ballot-widget .preview-candidate-info { display: flex; flex-direction: column; }
  .lnm-ballot-widget .preview-candidate-name {
    font-weight: 700;
    font-size: 0.92em;
    color: #333;
  }
  .lnm-ballot-widget .preview-candidate-designation {
    font-size: 0.82em;
    color: #666;
    margin-top: 2px;
  }
  .lnm-ballot-widget .candidate-party {
    width: 30px; height: 30px;
    border-radius: 50%;
    display: flex; align-items: center; justify-content: center;
    font-size: 11px;
    font-weight: 700;
    flex-shrink: 0;
    position: relative;
    cursor: default;
  }
  .lnm-ballot-widget .candidate-party::after {
    content: attr(data-party);
    position: absolute;
    bottom: calc(100% + 5px);
    left: 0;
    background: rgba(26,54,104,0.92);
    color: white;
    font-size: 11px;
    font-weight: 400;
    white-space: nowrap;
    padding: 4px 9px;
    border-radius: 4px;
    pointer-events: none;
    opacity: 0;
    transition: opacity 0.15s ease;
    z-index: 20;
  }
  .lnm-ballot-widget .candidate-party:hover::after { opacity: 1; }
  .lnm-ballot-widget .party-d { background: #dceef4; color: #1a6e8a; }
  .lnm-ballot-widget .party-r { background: #faeee7; color: #b85c2a; }
  .lnm-ballot-widget .party-i { background: #e8e8e8; color: #666; }
  .lnm-ballot-widget .party-na { background: #e8e8e8; color: #666; font-size: 8px; }
  .lnm-ballot-widget .party-n { background: #e8f0e8; color: #3a6e3a; }
  .lnm-ballot-widget .party-g { background: #e8f0e8; color: #2e7d32; }
  .lnm-ballot-widget .party-l { background: #fff3e0; color: #e65100; }
  .lnm-ballot-widget .party-a { background: #fce4ec; color: #880e4f; }
  .lnm-ballot-widget .party-p { background: #f3e5f5; color: #6a1b9a; }
  .lnm-ballot-widget .preview-measure-list { padding: 4px 0; }
  .lnm-ballot-widget .preview-measure {
    display: flex;
    align-items: flex-start;
    gap: 12px;
    padding: 10px 14px;
    border-top: 1px solid #eee;
  }
  .lnm-ballot-widget .preview-measure:first-child { border-top: none; }
  .lnm-ballot-widget .preview-measure-badge {
    font-size: 0.78em;
    font-weight: 700;
    letter-spacing: 0.06em;
    text-transform: uppercase;
    background: #1a3668;
    color: #accf00;
    padding: 3px 8px;
    border-radius: 4px;
    flex-shrink: 0;
    width: 130px;
    box-sizing: border-box;
    text-align: center;
    margin-top: 1px;
  }
  .lnm-ballot-widget .preview-measure-body { display: flex; flex-direction: column; gap: 4px; }
  .lnm-ballot-widget .preview-measure-jurisdiction {
    font-size: 0.92em;
    font-weight: 700;
    color: #1a3668;
  }
  .lnm-ballot-widget .preview-measure-description {
    font-size: 0.82em;
    color: #555;
    line-height: 1.5;
  }
  .lnm-ballot-widget .uncontested-wrap {
    margin-bottom: 16px;
    border-radius: 5px;
    overflow: hidden;
    border: 1px solid #1a3668;
  }
  .lnm-ballot-widget .uncontested-toggle {
    background-color: #1a3668;
    color: white;
    padding: 10px 16px;
    display: flex;
    justify-content: space-between;
    align-items: center;
    cursor: pointer;
    user-select: none;
  }
  .lnm-ballot-widget .uncontested-toggle-label { font-size: 0.92em; font-weight: 700; letter-spacing: 0.04em; }
  .lnm-ballot-widget .uncontested-toggle-count {
    font-size: 0.82em; color: #accf00; margin-left: 8px;
    font-weight: 400; text-transform: none; letter-spacing: 0;
  }
  .lnm-ballot-widget .uncontested-chevron { transition: transform 0.2s ease; flex-shrink: 0; }
  .lnm-ballot-widget .uncontested-chevron.open { transform: rotate(180deg); }
  .lnm-ballot-widget .uncontested-body { display: none; background: white; }
  .lnm-ballot-widget .uncontested-body.open { display: block; }
  .lnm-ballot-widget .uncontested-row {
    display: flex; align-items: center; justify-content: space-between;
    padding: 10px 16px; border-bottom: 1px solid #f0e68c; gap: 12px;
    background: #fffde7;
  }
  .lnm-ballot-widget .uncontested-row:last-child { border-bottom: none; }
  .lnm-ballot-widget .uncontested-race-name { font-size: 0.88em; font-weight: 700; color: #1a3668; flex: 1; }
  .lnm-ballot-widget .uncontested-candidate { font-size: 0.85em; color: #444; flex: 1; }
  .lnm-ballot-widget .uncontested-profession { font-size: 0.78em; color: #888; flex: 1; font-style: italic; }
  .lnm-ballot-widget .uncontested-badge {
    font-size: 0.72em; font-weight: 700; letter-spacing: 0.05em; text-transform: uppercase;
    background: #f2f7d9; color: #4a6020; border: 1px solid #c8e050;
    padding: 2px 8px; border-radius: 4px; flex-shrink: 0;
  }
</style>
<div class=""lnm-ballot-widget"">
<div class=""preview-banner""><div class=""preview-banner-title"">Contra Costa County — June 2, 2026 Primary</div><div class=""preview-banner-sub"">Ballot Preview — Not Election Results</div></div><div class=""search-wrap""><input class=""search-input"" type=""text"" autocomplete=""off"" placeholder=""Search races, candidates, measures…"" id=""electionSearch""></div><div class=""no-results"" id=""noResults"">No results found.</div><div class=""uncontested-wrap"" id=""uncontestedWrap""><div class=""uncontested-toggle"" id=""uncontestedToggle""><span><span class=""uncontested-toggle-label"">Uncontested Races</span><span class=""uncontested-toggle-count"">4 races with no opposition</span></span><svg class=""uncontested-chevron"" id=""uncontestedChevron"" width=""16"" height=""16"" viewBox=""0 0 16 16"" fill=""none"" xmlns=""http://www.w3.org/2000/svg""><path d=""M4 6L8 10L12 6"" stroke=""white"" stroke-width=""2"" stroke-linecap=""round"" stroke-linejoin=""round""/></svg></div><div class=""uncontested-body"" id=""uncontestedBody""><div class=""uncontested-row""><div class=""uncontested-race-name"">Supervisor, 1st District</div><div class=""uncontested-candidate"">John &quot;Joya&quot; Gioia</div><div class=""uncontested-profession"">County Supervisor</div><div class=""uncontested-badge"">Uncontested</div></div><div class=""uncontested-row""><div class=""uncontested-race-name"">Supervisor, 4th District</div><div class=""uncontested-candidate"">Ken Carlson</div><div class=""uncontested-profession"">N/A</div><div class=""uncontested-badge"">Uncontested</div></div><div class=""uncontested-row""><div class=""uncontested-race-name"">County Treasurer-Tax Collector</div><div class=""uncontested-candidate"">Dan M. Mierzwa</div><div class=""uncontested-profession"">N/A</div><div class=""uncontested-badge"">Uncontested</div></div><div class=""uncontested-row""><div class=""uncontested-race-name"">City of Richmond, Council District 2</div><div class=""uncontested-candidate"">Cesar Zepeda</div><div class=""uncontested-profession"">Councilmember, City of Richmond, D2</div><div class=""uncontested-badge"">Uncontested</div></div></div></div><div class=""race-box""><div class=""race-title"">County Assessor</div><div class=""preview-candidate-list""><div class=""preview-candidate""><div class=""candidate-party party-n"" data-party=""Non Partisan"">N</div><div class=""preview-candidate-info""><div class=""preview-candidate-name"">Vince Robb</div><div class=""preview-candidate-designation"">Assistant County Assessor</div></div></div><div class=""preview-candidate""><div class=""candidate-party party-n"" data-party=""Non Partisan"">N</div><div class=""preview-candidate-info""><div class=""preview-candidate-name"">Nick Spinner</div><div class=""preview-candidate-designation"">Senior Systems Engineer</div></div></div><div class=""preview-candidate""><div class=""candidate-party party-n"" data-party=""Non Partisan"">N</div><div class=""preview-candidate-info""><div class=""preview-candidate-name"">Kismat Kathrani</div><div class=""preview-candidate-designation"">Software Technology Entrepreneur</div></div></div></div></div><div class=""race-box""><div class=""race-title"">County Auditor-Controller</div><div class=""preview-candidate-list""><div class=""preview-candidate""><div class=""candidate-party party-n"" data-party=""Non Partisan"">N</div><div class=""preview-candidate-info""><div class=""preview-candidate-name"">Deepika Naharas</div><div class=""preview-candidate-designation"">N/A</div></div></div><div class=""preview-candidate""><div class=""candidate-party party-n"" data-party=""Non Partisan"">N</div><div class=""preview-candidate-info""><div class=""preview-candidate-name"">Peter Karumbi</div><div class=""preview-candidate-designation"">N/A</div></div></div></div></div><div class=""race-box""><div class=""race-title"">County Clerk-Recorder</div><div class=""preview-candidate-list""><div class=""preview-candidate""><div class=""candidate-party party-n"" data-party=""Non Partisan"">N</div><div class=""preview-candidate-info""><div class=""preview-candidate-name"">Kristin Braun Connelly</div><div class=""preview-candidate-designation"">Contra Costa County Clerk-Recorder</div></div></div><div class=""preview-candidate""><div class=""candidate-party party-n"" data-party=""Non Partisan"">N</div><div class=""preview-candidate-info""><div class=""preview-candidate-name"">Pratima Sonavne</div><div class=""preview-candidate-designation"">N/A</div></div></div></div></div><div class=""race-box""><div class=""race-title"">Judge of the Superior Court</div><div class=""preview-candidate-list""><div class=""preview-candidate""><div class=""candidate-party party-n"" data-party=""Non Partisan"">N</div><div class=""preview-candidate-info""><div class=""preview-candidate-name"">Jesse J. Hsieh</div><div class=""preview-candidate-designation"">Superior Court Judge</div></div></div><div class=""preview-candidate""><div class=""candidate-party party-n"" data-party=""Non Partisan"">N</div><div class=""preview-candidate-info""><div class=""preview-candidate-name"">Valery R. Polyakov</div><div class=""preview-candidate-designation"">N/A</div></div></div></div></div><div class=""race-box""><div class=""race-title"">City of Richmond, Mayor</div><div class=""preview-candidate-list""><div class=""preview-candidate""><div class=""candidate-party party-n"" data-party=""Non Partisan"">N</div><div class=""preview-candidate-info""><div class=""preview-candidate-name"">Mark Wassberg</div><div class=""preview-candidate-designation"">N/A</div></div></div><div class=""preview-candidate""><div class=""candidate-party party-n"" data-party=""Non Partisan"">N</div><div class=""preview-candidate-info""><div class=""preview-candidate-name"">Eduardo Martinez</div><div class=""preview-candidate-designation"">Mayor, City of Richmond</div></div></div><div class=""preview-candidate""><div class=""candidate-party party-n"" data-party=""Non Partisan"">N</div><div class=""preview-candidate-info""><div class=""preview-candidate-name"">Demnlus Johnson III</div><div class=""preview-candidate-designation"">Policy Analyst</div></div></div><div class=""preview-candidate""><div class=""candidate-party party-n"" data-party=""Non Partisan"">N</div><div class=""preview-candidate-info""><div class=""preview-candidate-name"">Claudia Jiménez</div><div class=""preview-candidate-designation"">Councilmember, City of Richmond</div></div></div><div class=""preview-candidate""><div class=""candidate-party party-n"" data-party=""Non Partisan"">N</div><div class=""preview-candidate-info""><div class=""preview-candidate-name"">Ahmad Anderson</div><div class=""preview-candidate-designation"">Human Resources Director</div></div></div></div></div><div class=""race-box""><div class=""race-title"">City of Richmond, Council District 3</div><div class=""preview-candidate-list""><div class=""preview-candidate""><div class=""candidate-party party-n"" data-party=""Non Partisan"">N</div><div class=""preview-candidate-info""><div class=""preview-candidate-name"">Doria Robinson</div><div class=""preview-candidate-designation"">City Councilmember, City of Richmond</div></div></div><div class=""preview-candidate""><div class=""candidate-party party-n"" data-party=""Non Partisan"">N</div><div class=""preview-candidate-info""><div class=""preview-candidate-name"">Brandon Evans</div><div class=""preview-candidate-designation"">Chief Executive Officer</div></div></div></div></div><div class=""race-box""><div class=""race-title"">City of Richmond, Council District 4</div><div class=""preview-candidate-list""><div class=""preview-candidate""><div class=""candidate-party party-n"" data-party=""Non Partisan"">N</div><div class=""preview-candidate-info""><div class=""preview-candidate-name"">Jamin Pursell</div><div class=""preview-candidate-designation"">Small Business CEO</div></div></div><div class=""preview-candidate""><div class=""candidate-party party-n"" data-party=""Non Partisan"">N</div><div class=""preview-candidate-info""><div class=""preview-candidate-name"">Soheila Bana</div><div class=""preview-candidate-designation"">Councilmember</div></div></div><div class=""preview-candidate""><div class=""candidate-party party-n"" data-party=""Non Partisan"">N</div><div class=""preview-candidate-info""><div class=""preview-candidate-name"">Keycha Gallon</div><div class=""preview-candidate-designation"">Pharmacy Technician</div></div></div></div></div><div class=""race-box""><div class=""race-title"">Alameda County Board of Education, Governing Board Member, Area 7</div><div class=""preview-candidate-list""><div class=""preview-candidate""><div class=""candidate-party party-n"" data-party=""Non Partisan"">N</div><div class=""preview-candidate-info""><div class=""preview-candidate-name"">Cheryl Cook-Kallio</div><div class=""preview-candidate-designation"">N/A</div></div></div><div class=""preview-candidate""><div class=""candidate-party party-n"" data-party=""Non Partisan"">N</div><div class=""preview-candidate-info""><div class=""preview-candidate-name"">Sangeetha Shanbhogue</div><div class=""preview-candidate-designation"">N/A</div></div></div></div></div><div class=""race-box""><div class=""race-title"">County Superintendent of Schools</div><div class=""preview-candidate-list""><div class=""preview-candidate""><div class=""candidate-party party-n"" data-party=""Non Partisan"">N</div><div class=""preview-candidate-info""><div class=""preview-candidate-name"">Jag Lathan</div><div class=""preview-candidate-designation"">N/A</div></div></div><div class=""preview-candidate""><div class=""candidate-party party-n"" data-party=""Non Partisan"">N</div><div class=""preview-candidate-info""><div class=""preview-candidate-name"">Dana Eaton</div><div class=""preview-candidate-designation"">Superintendent, Brentwood USD</div></div></div></div></div><div class=""race-box""><div class=""race-title"">Measures on the Ballot</div><div class=""preview-measure-list""><div class=""preview-measure""><div class=""preview-measure-badge"">Measure C</div><div class=""preview-measure-body""><div class=""preview-measure-jurisdiction"">City of El Cerrito</div><div class=""preview-measure-description"">Shall the measure to fund planning/construction/furnishing a new El Cerrito library, including a new building, and the City’s library operating costs for ten years after completing construction, by authorizing an annual parcel tax of up to $0.17 per square foot of improvements ($100 per vacant parcel), subject to annual inflation adjustments, generating approximately $3,100,000 annually, expiring 30 years after the initial issuance of bonds, with independent audits/citizen oversight and senior exemptions, be adopted?</div></div></div><div class=""preview-measure""><div class=""preview-measure-badge"">Measure D</div><div class=""preview-measure-body""><div class=""preview-measure-jurisdiction"">City of Pinole</div><div class=""preview-measure-description"">Shall the electors elect a mayor and four city council members?</div></div></div><div class=""preview-measure""><div class=""preview-measure-badge"">Measure E</div><div class=""preview-measure-body""><div class=""preview-measure-jurisdiction"">City of Pinole</div><div class=""preview-measure-description"">Shall the term of office of mayor be two years?</div></div></div><div class=""preview-measure""><div class=""preview-measure-badge"">Measure F</div><div class=""preview-measure-body""><div class=""preview-measure-jurisdiction"">City of Pinole</div><div class=""preview-measure-description"">Shall the term of office of mayor be four years?</div></div></div><div class=""preview-measure""><div class=""preview-measure-badge"">Measure A</div><div class=""preview-measure-body""><div class=""preview-measure-jurisdiction"">County of Contra Costa</div><div class=""preview-measure-description"">Shall the measure amending the Contra Costa County General Plan and the County’s 65/35 Land Preservation Plan Ordinance to continue protections to the County’s non-urban, agricultural, and open space areas by extending the term of the County’s Urban Limit Line through December 31, 2051; adopting an updated Urban Limit Line map; requiring voter approval, except under limited circumstances, to expand the Urban Limit Line by more than 30 acres; and retaining the 65/35 Land Preservation Standard, be adopted?</div></div></div><div class=""preview-measure""><div class=""preview-measure-badge"">Measure B</div><div class=""preview-measure-body""><div class=""preview-measure-jurisdiction"">County of Contra Costa</div><div class=""preview-measure-description"">To help Contra Costa County address cuts in federal funding; support local services such as health care, supplemental food assistance, and other general county services; shall Contra Costa County adopt a five-eighths of one cent (0.625%) temporary general sales tax for 5 years, providing an estimated $150,000,000 annually, and subject to annual audits?</div></div></div><div class=""preview-measure""><div class=""preview-measure-badge"">Measure G</div><div class=""preview-measure-body""><div class=""preview-measure-jurisdiction"">Contra Costa Community College District</div><div class=""preview-measure-description"">To prepare students at Contra Costa, Diablo Valley, and Los Medanos Colleges for jobs and university transfer; update classrooms for science, nursing, and emergency response programs; meet earthquake, fire, and accessibility codes; repair outdated electrical, plumbing/ventilation systems; shall Contra Costa Community College District’s measure be adopted, authorizing $920,000,000 in bonds at legal rates, levying approximately $10 per $100,000 of assessed valuation, generating $57,000,000 annually while bonds are outstanding, with oversight, audits, no administrator salaries, and all funds used locally?</div></div></div><div class=""preview-measure""><div class=""preview-measure-badge"">Measure H</div><div class=""preview-measure-body""><div class=""preview-measure-jurisdiction"">Lafayette School District</div><div class=""preview-measure-description"">Shall the measure to continue funding for core academic programs including math, science, engineering, technology, reading, music, and arts; attract and retain highly qualified teachers; and maintain manageable class sizes in Lafayette elementary and middle schools, by replacing the expiring school parcel tax with $585 per parcel for 9 years, providing $5.1 million annually in locally controlled funding with an exemption for seniors, annual inflation adjustments, independent audits, and community oversight, be adopted?</div></div></div><div class=""preview-measure""><div class=""preview-measure-badge"">Measure I</div><div class=""preview-measure-body""><div class=""preview-measure-jurisdiction"">Moraga School District</div><div class=""preview-measure-description"">Shall the local school funding measure to attract and retain the best qualified teachers, continue effective science, technology, engineering, math, arts, music and reading programs, maintain manageable class sizes and prevent academic cuts and teacher/educator layoffs by levying $295 per parcel, providing $1,700,000 annually, for 7 years, with senior exemptions, inflation adjustments, independent oversight, audits, and all funds supporting local elementary and middle school students, be adopted?</div></div></div><div class=""preview-measure""><div class=""preview-measure-badge"">Measure J</div><div class=""preview-measure-body""><div class=""preview-measure-jurisdiction"">Oakley Union Elementary School District</div><div class=""preview-measure-description"">To provide safe elementary/middle schools by upgrading to current earthquake/building safety codes; improving school security, classroom locks, fencing, lighting, emergency communications, and cameras; and upgrading fire safety, alarms, smoke detectors, sprinklers, and evacuation routes; shall Oakley Union Elementary School District’s measure be adopted authorizing $59,000,000 in bonds at legal rates, levying $28 per $100,000 of assessed value ($4,000,000 annually) while bonds are outstanding, requiring independent oversight, audits, and all funds locally controlled?</div></div></div><div class=""preview-measure""><div class=""preview-measure-badge"">Measure K</div><div class=""preview-measure-body""><div class=""preview-measure-jurisdiction"">Oakley Union Elementary School District</div><div class=""preview-measure-description"">To repair local elementary/middle schools by fixing deteriorating plumbing, roofs, heating, ventilation, and electrical systems; removing lead/asbestos/hazardous materials; and upgrading aging classrooms/labs supporting student achievement in math, science, technology, reading, writing, arts/music; shall Oakley Union Elementary School District’s measure be adopted authorizing $64,000,000 in bonds at legal rates, levying $30 per $100,000 of assessed value ($4,400,000 annually) while bonds are outstanding, requiring independent oversight and all funds locally controlled?</div></div></div><div class=""preview-measure""><div class=""preview-measure-badge"">Measure L</div><div class=""preview-measure-body""><div class=""preview-measure-jurisdiction"">Walnut Creek School District</div><div class=""preview-measure-description"">Shall Walnut Creek School District’s measure providing locally-controlled funding for quality academic programs in math, science, engineering, technology, reading, music/arts preparing students for high school, college, and careers; attract/retain qualified teachers; and maintain manageable class sizes by levying a $98 parcel tax for nine years, with senior exemptions, annual inflation adjustments, independent audits/oversight, and all funds (approximately $1,500,000 annually) benefiting local elementary and middle school students, be adopted?</div></div></div></div></div>
</div>
<script>
document.addEventListener('DOMContentLoaded', function() {
  var _ut = document.getElementById(""uncontestedToggle"");
  var _ub = document.getElementById(""uncontestedBody"");
  var _uc = document.getElementById(""uncontestedChevron"");
  if (_ut) {
    _ut.addEventListener(""click"", function() {
      _ub.classList.toggle(""open"");
      _uc.classList.toggle(""open"");
    });
  }
  var input = document.getElementById(""electionSearch"");
  var noResults = document.getElementById(""noResults"");
  if (!input) return;
  input.value = '';
  function runFilter() {
    var q = input.value.trim().toLowerCase();
    var boxes = document.querySelectorAll("".lnm-ballot-widget .race-box"");
    var visible = 0;
    boxes.forEach(function(box) {
      var show = !q || box.textContent.toLowerCase().indexOf(q) !== -1;
      box.style.display = show ? """" : ""none"";
      if (show) visible++;
    });
    if (noResults) noResults.style.display = (q && visible === 0) ? ""block"" : ""none"";
  }
  input.addEventListener(""input"", runFilter);
});
</script>"
Marin,"<style>
  .lnm-ballot-widget, .lnm-ballot-widget *, .lnm-ballot-widget *::before, .lnm-ballot-widget *::after {
    box-sizing: border-box;
  }
  .lnm-ballot-widget {
    font-family: Arial, sans-serif;
    margin: 0;
  }
  .lnm-ballot-widget .race-box {
    background-color: white;
    border: 1px solid #ddd;
    border-radius: 5px;
    margin-bottom: 20px;
    overflow: hidden;
  }
  .lnm-ballot-widget .race-title {
    background-color: #1a3668;
    color: white;
    padding: 10px 14px;
    font-weight: bold;
    font-size: 1em;
  }
  .lnm-ballot-widget .search-wrap { margin-bottom: 16px; position: relative; }
  .lnm-ballot-widget .search-input {
    width: 100%;
    padding: 10px 16px;
    font-size: 15px;
    border: 1px solid #ccc;
    border-radius: 6px;
    background: white;
    outline: none;
    box-shadow: 0 1px 3px rgba(0,0,0,0.08);
  }
  .lnm-ballot-widget .search-input:focus {
    border-color: #1a3668;
    box-shadow: 0 0 0 2px rgba(26,54,104,0.15);
  }
  .lnm-ballot-widget .no-results {
    display: none;
    text-align: center;
    color: #888;
    font-size: 14px;
    padding: 24px 0;
  }
  .lnm-ballot-widget .preview-banner {
    background: #1a3668;
    color: white;
    text-align: center;
    padding: 14px 16px;
    border-radius: 5px;
    margin-bottom: 20px;
  }
  .lnm-ballot-widget .preview-banner-title {
    font-size: 1.15em;
    font-weight: 700;
    letter-spacing: 0.04em;
  }
  .lnm-ballot-widget .preview-banner-sub {
    font-size: 0.85em;
    color: #accf00;
    margin-top: 4px;
    text-transform: uppercase;
    letter-spacing: 0.08em;
  }
  .lnm-ballot-widget .preview-candidate-list { padding: 4px 0; }
  .lnm-ballot-widget .preview-candidate {
    display: flex;
    align-items: flex-start;
    gap: 10px;
    padding: 10px 14px;
    border-top: 1px solid #eee;
  }
  .lnm-ballot-widget .preview-candidate:first-child { border-top: none; }
  .lnm-ballot-widget .preview-candidate-info { display: flex; flex-direction: column; }
  .lnm-ballot-widget .preview-candidate-name {
    font-weight: 700;
    font-size: 0.92em;
    color: #333;
  }
  .lnm-ballot-widget .preview-candidate-designation {
    font-size: 0.82em;
    color: #666;
    margin-top: 2px;
  }
  .lnm-ballot-widget .candidate-party {
    width: 30px; height: 30px;
    border-radius: 50%;
    display: flex; align-items: center; justify-content: center;
    font-size: 11px;
    font-weight: 700;
    flex-shrink: 0;
    position: relative;
    cursor: default;
  }
  .lnm-ballot-widget .candidate-party::after {
    content: attr(data-party);
    position: absolute;
    bottom: calc(100% + 5px);
    left: 0;
    background: rgba(26,54,104,0.92);
    color: white;
    font-size: 11px;
    font-weight: 400;
    white-space: nowrap;
    padding: 4px 9px;
    border-radius: 4px;
    pointer-events: none;
    opacity: 0;
    transition: opacity 0.15s ease;
    z-index: 20;
  }
  .lnm-ballot-widget .candidate-party:hover::after { opacity: 1; }
  .lnm-ballot-widget .party-d { background: #dceef4; color: #1a6e8a; }
  .lnm-ballot-widget .party-r { background: #faeee7; color: #b85c2a; }
  .lnm-ballot-widget .party-i { background: #e8e8e8; color: #666; }
  .lnm-ballot-widget .party-na { background: #e8e8e8; color: #666; font-size: 8px; }
  .lnm-ballot-widget .party-n { background: #e8f0e8; color: #3a6e3a; }
  .lnm-ballot-widget .party-g { background: #e8f0e8; color: #2e7d32; }
  .lnm-ballot-widget .party-l { background: #fff3e0; color: #e65100; }
  .lnm-ballot-widget .party-a { background: #fce4ec; color: #880e4f; }
  .lnm-ballot-widget .party-p { background: #f3e5f5; color: #6a1b9a; }
  .lnm-ballot-widget .preview-measure-list { padding: 4px 0; }
  .lnm-ballot-widget .preview-measure {
    display: flex;
    align-items: flex-start;
    gap: 12px;
    padding: 10px 14px;
    border-top: 1px solid #eee;
  }
  .lnm-ballot-widget .preview-measure:first-child { border-top: none; }
  .lnm-ballot-widget .preview-measure-badge {
    font-size: 0.78em;
    font-weight: 700;
    letter-spacing: 0.06em;
    text-transform: uppercase;
    background: #1a3668;
    color: #accf00;
    padding: 3px 8px;
    border-radius: 4px;
    flex-shrink: 0;
    width: 130px;
    box-sizing: border-box;
    text-align: center;
    margin-top: 1px;
  }
  .lnm-ballot-widget .preview-measure-body { display: flex; flex-direction: column; gap: 4px; }
  .lnm-ballot-widget .preview-measure-jurisdiction {
    font-size: 0.92em;
    font-weight: 700;
    color: #1a3668;
  }
  .lnm-ballot-widget .preview-measure-description {
    font-size: 0.82em;
    color: #555;
    line-height: 1.5;
  }
  .lnm-ballot-widget .uncontested-wrap {
    margin-bottom: 16px;
    border-radius: 5px;
    overflow: hidden;
    border: 1px solid #1a3668;
  }
  .lnm-ballot-widget .uncontested-toggle {
    background-color: #1a3668;
    color: white;
    padding: 10px 16px;
    display: flex;
    justify-content: space-between;
    align-items: center;
    cursor: pointer;
    user-select: none;
  }
  .lnm-ballot-widget .uncontested-toggle-label { font-size: 0.92em; font-weight: 700; letter-spacing: 0.04em; }
  .lnm-ballot-widget .uncontested-toggle-count {
    font-size: 0.82em; color: #accf00; margin-left: 8px;
    font-weight: 400; text-transform: none; letter-spacing: 0;
  }
  .lnm-ballot-widget .uncontested-chevron { transition: transform 0.2s ease; flex-shrink: 0; }
  .lnm-ballot-widget .uncontested-chevron.open { transform: rotate(180deg); }
  .lnm-ballot-widget .uncontested-body { display: none; background: white; }
  .lnm-ballot-widget .uncontested-body.open { display: block; }
  .lnm-ballot-widget .uncontested-row {
    display: flex; align-items: center; justify-content: space-between;
    padding: 10px 16px; border-bottom: 1px solid #f0e68c; gap: 12px;
    background: #fffde7;
  }
  .lnm-ballot-widget .uncontested-row:last-child { border-bottom: none; }
  .lnm-ballot-widget .uncontested-race-name { font-size: 0.88em; font-weight: 700; color: #1a3668; flex: 1; }
  .lnm-ballot-widget .uncontested-candidate { font-size: 0.85em; color: #444; flex: 1; }
  .lnm-ballot-widget .uncontested-profession { font-size: 0.78em; color: #888; flex: 1; font-style: italic; }
  .lnm-ballot-widget .uncontested-badge {
    font-size: 0.72em; font-weight: 700; letter-spacing: 0.05em; text-transform: uppercase;
    background: #f2f7d9; color: #4a6020; border: 1px solid #c8e050;
    padding: 2px 8px; border-radius: 4px; flex-shrink: 0;
  }
</style>
<div class=""lnm-ballot-widget"">
<div class=""preview-banner""><div class=""preview-banner-title"">Marin County — June 2, 2026 Primary</div><div class=""preview-banner-sub"">Ballot Preview — Not Election Results</div></div><div class=""search-wrap""><input class=""search-input"" type=""text"" autocomplete=""off"" placeholder=""Search races, candidates, measures…"" id=""electionSearch""></div><div class=""no-results"" id=""noResults"">No results found.</div><div class=""uncontested-wrap"" id=""uncontestedWrap""><div class=""uncontested-toggle"" id=""uncontestedToggle""><span><span class=""uncontested-toggle-label"">Uncontested Races</span><span class=""uncontested-toggle-count"">10 races with no opposition</span></span><svg class=""uncontested-chevron"" id=""uncontestedChevron"" width=""16"" height=""16"" viewBox=""0 0 16 16"" fill=""none"" xmlns=""http://www.w3.org/2000/svg""><path d=""M4 6L8 10L12 6"" stroke=""white"" stroke-width=""2"" stroke-linecap=""round"" stroke-linejoin=""round""/></svg></div><div class=""uncontested-body"" id=""uncontestedBody""><div class=""uncontested-row""><div class=""uncontested-race-name"">Superior Court Judge</div><div class=""uncontested-candidate"">Kevin Murphy</div><div class=""uncontested-profession"">Incumbent</div><div class=""uncontested-badge"">Uncontested</div></div><div class=""uncontested-row""><div class=""uncontested-race-name"">Superior Court Judge</div><div class=""uncontested-candidate"">Matthew Siroka</div><div class=""uncontested-profession"">Incumbent</div><div class=""uncontested-badge"">Uncontested</div></div><div class=""uncontested-row""><div class=""uncontested-race-name"">Superior Court Judge</div><div class=""uncontested-candidate"">James Schurz</div><div class=""uncontested-profession"">Incumbent</div><div class=""uncontested-badge"">Uncontested</div></div><div class=""uncontested-row""><div class=""uncontested-race-name"">Superior Court Judge</div><div class=""uncontested-candidate"">Mark Talamantes</div><div class=""uncontested-profession"">Incumbent</div><div class=""uncontested-badge"">Uncontested</div></div><div class=""uncontested-row""><div class=""uncontested-race-name"">Superior Court Judge</div><div class=""uncontested-candidate"">Ahtossa Fullerton</div><div class=""uncontested-profession"">Incumbent</div><div class=""uncontested-badge"">Uncontested</div></div><div class=""uncontested-row""><div class=""uncontested-race-name"">Assessor-Recorder-County Clerk</div><div class=""uncontested-candidate"">Shelly Scott</div><div class=""uncontested-profession"">Assessor Recorder County Clerk</div><div class=""uncontested-badge"">Uncontested</div></div><div class=""uncontested-row""><div class=""uncontested-race-name"">County Superintendent of Schools</div><div class=""uncontested-candidate"">John Carroll</div><div class=""uncontested-profession"">Marin County Superintendent Of Schools</div><div class=""uncontested-badge"">Uncontested</div></div><div class=""uncontested-row""><div class=""uncontested-race-name"">Ross Valley Sanitary District Director</div><div class=""uncontested-candidate"">Michael Boorstein</div><div class=""uncontested-profession"">Incumbent</div><div class=""uncontested-badge"">Uncontested</div></div><div class=""uncontested-row""><div class=""uncontested-race-name"">Ross Valley Sanitary District Director</div><div class=""uncontested-candidate"">Thomas Gaffney</div><div class=""uncontested-profession"">Incumbent</div><div class=""uncontested-badge"">Uncontested</div></div><div class=""uncontested-row""><div class=""uncontested-race-name"">Ross Valley Sanitary District Director</div><div class=""uncontested-candidate"">Pamela Meigs</div><div class=""uncontested-profession"">Incumbent</div><div class=""uncontested-badge"">Uncontested</div></div></div></div><div class=""race-box""><div class=""race-title"">County Supervisor - District 1</div><div class=""preview-candidate-list""><div class=""preview-candidate""><div class=""candidate-party party-n"" data-party=""Party Designation Not Available"">N</div><div class=""preview-candidate-info""><div class=""preview-candidate-name"">Mary Sackett</div><div class=""preview-candidate-designation"">Marin County Supervisor</div></div></div><div class=""preview-candidate""><div class=""candidate-party party-n"" data-party=""Party Designation Not Available"">N</div><div class=""preview-candidate-info""><div class=""preview-candidate-name"">Mark Galperin</div><div class=""preview-candidate-designation"">Housing Advisory Boardmember</div></div></div></div></div><div class=""race-box""><div class=""race-title"">County Supervisor - District 5</div><div class=""preview-candidate-list""><div class=""preview-candidate""><div class=""candidate-party party-n"" data-party=""Party Designation Not Available"">N</div><div class=""preview-candidate-info""><div class=""preview-candidate-name"">Curtis G Aikens</div><div class=""preview-candidate-designation"">Chef / Educator / Author</div></div></div><div class=""preview-candidate""><div class=""candidate-party party-n"" data-party=""Party Designation Not Available"">N</div><div class=""preview-candidate-info""><div class=""preview-candidate-name"">Chris Carpiniello</div><div class=""preview-candidate-designation"">Homebuilder / Business Owner</div></div></div><div class=""preview-candidate""><div class=""candidate-party party-n"" data-party=""Party Designation Not Available"">N</div><div class=""preview-candidate-info""><div class=""preview-candidate-name"">Marc Lewis</div><div class=""preview-candidate-designation"">Community Policy Advocate</div></div></div><div class=""preview-candidate""><div class=""candidate-party party-n"" data-party=""Party Designation Not Available"">N</div><div class=""preview-candidate-info""><div class=""preview-candidate-name"">Magali Limeta</div><div class=""preview-candidate-designation"">Trustee, Novato Unified School District</div></div></div><div class=""preview-candidate""><div class=""candidate-party party-n"" data-party=""Party Designation Not Available"">N</div><div class=""preview-candidate-info""><div class=""preview-candidate-name"">Andy Podshadley</div><div class=""preview-candidate-designation"">Winemaker / Business Owner</div></div></div></div></div><div class=""race-box""><div class=""race-title"">Measures on the Ballot</div><div class=""preview-measure-list""><div class=""preview-measure""><div class=""preview-measure-badge"">Measure B</div><div class=""preview-measure-body""><div class=""preview-measure-jurisdiction"">Sonoma-Marin Area Rail Transit District</div><div class=""preview-measure-description"">Without increasing taxes, continue Sonoma-Marin Area Rail Transit District regional train and bicycle/pedestrian pathway service beyond 2029 to serve residents including seniors, youth, essential workers, and low-income households; relieve traffic congestion; complete planned rail/pathway expansion; increase ridership; preserve community’s historic rail infrastructure investment; maintain clean/safe trains; reduce greenhouse gas emissions, shall the measure extending the ¼ cent, voter-approved, sales tax for 30 years, generating approximately $51,000,000 annually beginning in 2029, be adopted?</div></div></div><div class=""preview-measure""><div class=""preview-measure-badge"">Measure C</div><div class=""preview-measure-body""><div class=""preview-measure-jurisdiction"">Kentfield School District</div><div class=""preview-measure-description"">To protect quality education/local funding that cannot be taken by the State, shall Kentfield School District’s measure be adopted, maintaining quality core academics, including math, science, reading/writing; attracting/retaining exceptional teachers; and preventing class size increases by renewing the expiring school parcel tax at the current $1,842 rate, adding $148/parcel, providing $5,900,000 annually for 10 years, with senior exemptions, annual adjustments, independent oversight, and all funds locally controlled?</div></div></div><div class=""preview-measure""><div class=""preview-measure-badge"">Measure D</div><div class=""preview-measure-body""><div class=""preview-measure-jurisdiction"">Larkspur-Corte Madera School District</div><div class=""preview-measure-description"">To maintain safe, modern elementary and middle schools without increasing current tax rates, by upgrading emergency, safety and security systems; repairing deteriorating roofs, HVAC, plumbing/electrical; updating science, technology, engineering, art, music, and math classrooms/labs; and improving water and drainage systems; shall Larkspur-Corte Madera School District’s measure be adopted, authorizing $44,000,000 in bonds at legal rates, levying approximately $24/$100,000 assessed value ($3,400,000 annually), while bonds are outstanding, with independent audits, oversight, and all funds spent locally?</div></div></div><div class=""preview-measure""><div class=""preview-measure-badge"">Measure E</div><div class=""preview-measure-body""><div class=""preview-measure-jurisdiction"">Mill Valley School District</div><div class=""preview-measure-description"">To retain/ attract highly qualified teachers; protect quality academic programs in reading/ writing, science, technology, engineering, and math; and prevent cuts equaling approximately one-quarter of the District’s budget, shall Mill Valley Elementary School District’s measure be adopted reauthorizing the expiring school parcel tax at the current rate of $1,520, and restoring the recently expired $234 per parcel, providing $14,900,000 annually for 8 years, with annual adjustments, independent oversight, senior exemptions and local control?</div></div></div><div class=""preview-measure""><div class=""preview-measure-badge"">Measure G</div><div class=""preview-measure-body""><div class=""preview-measure-jurisdiction"">Novato Unified School District</div><div class=""preview-measure-description"">Shall the measure to preserve excellent education and quality teaching for Novato Unified School District students, with local funding the State cannot take away, and to maintain quality core academic instruction in math, science, reading and writing; and attract and retain qualified teachers and counselors; by levying $249 per parcel, providing $4,000,000 annually, for 8 years, with independent citizens’ oversight, exemptions for senior citizens, no funds for administrators, with all funds staying local for Novato students be adopted?</div></div></div><div class=""preview-measure""><div class=""preview-measure-badge"">Measure I</div><div class=""preview-measure-body""><div class=""preview-measure-jurisdiction"">Sausalito Marin City School District</div><div class=""preview-measure-description"">To improve and maintain local play fields and recreation facilities to support children's health, fitness, and recreation activities, improve play area safety, add restrooms where needed; and improve access to facilities for children with disabilities, acquire, construct, repair facilities, equipment, shall Sausalito Marin City School District’s measure authorizing $12,500,000 in bonds at legal rates be adopted, levying $8 per $100,000 assessed value, (averaging $860,000 annually while bonds are outstanding), with independent oversight/audits and all money staying local?</div></div></div><div class=""preview-measure""><div class=""preview-measure-badge"">Measure J</div><div class=""preview-measure-body""><div class=""preview-measure-jurisdiction"">Town of Fairfax</div><div class=""preview-measure-description"">Shall the measure to extend the Town’s sales tax by removing its sunset and to increase its rate from ¾% to 1%, generating approximately $1,300,000 annually in local funds until ended by voters and that cannot be taken away by the State, to maintain general Town services, such as public safety and emergency response, improve infrastructure such as repairing and repaving streets, subject to annual independent audits, be adopted?</div></div></div><div class=""preview-measure""><div class=""preview-measure-badge"">Measure K</div><div class=""preview-measure-body""><div class=""preview-measure-jurisdiction"">City of San Rafael</div><div class=""preview-measure-description"">To continue existing local library funding to maintain safe places for youth after school; book/ digital collections; children/adult programs; library hours and technology access, shall the City of San Rafael measure extending the library services parcel tax at $74.18 per parcel (with multifamily parcels adding $12.54 per unit, to a maximum of $1,259), generating approximately $1,267,000 annually for nine years, with senior exemptions, annual inflation adjustments, resident oversight and public disclosure, be adopted?</div></div></div><div class=""preview-measure""><div class=""preview-measure-badge"">Measure L</div><div class=""preview-measure-body""><div class=""preview-measure-jurisdiction"">Firehouse Community Park Agency</div><div class=""preview-measure-description"">To maintain, protect, and improve Mesa Park and Downtown Park for community recreation; ensure safe, accessible park facilities for all ages; and provide stable local funding, shall the Firehouse Community Park Agency replace the expiring $75 parcel tax with a $150 annual parcel tax for four years beginning 2026–27, raising about $210,000 annually, with annual increases up to 3%, requiring funds remain local for park maintenance and improvements with annual public accountability reports?</div></div></div><div class=""preview-measure""><div class=""preview-measure-badge"">Measure M</div><div class=""preview-measure-body""><div class=""preview-measure-jurisdiction"">Muir Beach Community Services District</div><div class=""preview-measure-description"">To provide critical funding for fire protection services, including firehouse maintenance, emergency preparedness and equipment upgrades, shall Muir Beach CSD Ordinance No. 2026-1, which imposes an annual $386.00 parcel tax for 10 years, with the amount of $61,374 to be raised annually, and with annual CPI adjustment, be approved and shall the Muir Beach CSD appropriations limit be increased by the amount of this voter approved tax?</div></div></div><div class=""preview-measure""><div class=""preview-measure-badge"">Measure H</div><div class=""preview-measure-body""><div class=""preview-measure-jurisdiction"">Ross Valley School District</div><div class=""preview-measure-description"">Shall the measure to continue local funding that preserves excellent education for Ross Valley School District students, including: maintaining core academic programs in science, technology, engineering, math, reading and writing; maintaining manageable class sizes; and attracting/ retaining highly qualified teachers; by renewing the expiring current $742 parcel tax, while adding $540 per parcel, providing $8,600,000 annually for 10 years, with senior exemptions, 3% annual adjustments, independent oversight, no funds for administrators, and all funds staying local, be adopted?</div></div></div></div></div>
</div>
<script>
document.addEventListener('DOMContentLoaded', function() {
  var _ut = document.getElementById(""uncontestedToggle"");
  var _ub = document.getElementById(""uncontestedBody"");
  var _uc = document.getElementById(""uncontestedChevron"");
  if (_ut) {
    _ut.addEventListener(""click"", function() {
      _ub.classList.toggle(""open"");
      _uc.classList.toggle(""open"");
    });
  }
  var input = document.getElementById(""electionSearch"");
  var noResults = document.getElementById(""noResults"");
  if (!input) return;
  input.value = '';
  function runFilter() {
    var q = input.value.trim().toLowerCase();
    var boxes = document.querySelectorAll("".lnm-ballot-widget .race-box"");
    var visible = 0;
    boxes.forEach(function(box) {
      var show = !q || box.textContent.toLowerCase().indexOf(q) !== -1;
      box.style.display = show ? """" : ""none"";
      if (show) visible++;
    });
    if (noResults) noResults.style.display = (q && visible === 0) ? ""block"" : ""none"";
  }
  input.addEventListener(""input"", runFilter);
});
</script>"
Mendocino,"<style>
  .lnm-ballot-widget, .lnm-ballot-widget *, .lnm-ballot-widget *::before, .lnm-ballot-widget *::after {
    box-sizing: border-box;
  }
  .lnm-ballot-widget {
    font-family: Arial, sans-serif;
    margin: 0;
  }
  .lnm-ballot-widget .race-box {
    background-color: white;
    border: 1px solid #ddd;
    border-radius: 5px;
    margin-bottom: 20px;
    overflow: hidden;
  }
  .lnm-ballot-widget .race-title {
    background-color: #1a3668;
    color: white;
    padding: 10px 14px;
    font-weight: bold;
    font-size: 1em;
  }
  .lnm-ballot-widget .search-wrap { margin-bottom: 16px; position: relative; }
  .lnm-ballot-widget .search-input {
    width: 100%;
    padding: 10px 16px;
    font-size: 15px;
    border: 1px solid #ccc;
    border-radius: 6px;
    background: white;
    outline: none;
    box-shadow: 0 1px 3px rgba(0,0,0,0.08);
  }
  .lnm-ballot-widget .search-input:focus {
    border-color: #1a3668;
    box-shadow: 0 0 0 2px rgba(26,54,104,0.15);
  }
  .lnm-ballot-widget .no-results {
    display: none;
    text-align: center;
    color: #888;
    font-size: 14px;
    padding: 24px 0;
  }
  .lnm-ballot-widget .preview-banner {
    background: #1a3668;
    color: white;
    text-align: center;
    padding: 14px 16px;
    border-radius: 5px;
    margin-bottom: 20px;
  }
  .lnm-ballot-widget .preview-banner-title {
    font-size: 1.15em;
    font-weight: 700;
    letter-spacing: 0.04em;
  }
  .lnm-ballot-widget .preview-banner-sub {
    font-size: 0.85em;
    color: #accf00;
    margin-top: 4px;
    text-transform: uppercase;
    letter-spacing: 0.08em;
  }
  .lnm-ballot-widget .preview-candidate-list { padding: 4px 0; }
  .lnm-ballot-widget .preview-candidate {
    display: flex;
    align-items: flex-start;
    gap: 10px;
    padding: 10px 14px;
    border-top: 1px solid #eee;
  }
  .lnm-ballot-widget .preview-candidate:first-child { border-top: none; }
  .lnm-ballot-widget .preview-candidate-info { display: flex; flex-direction: column; }
  .lnm-ballot-widget .preview-candidate-name {
    font-weight: 700;
    font-size: 0.92em;
    color: #333;
  }
  .lnm-ballot-widget .preview-candidate-designation {
    font-size: 0.82em;
    color: #666;
    margin-top: 2px;
  }
  .lnm-ballot-widget .candidate-party {
    width: 30px; height: 30px;
    border-radius: 50%;
    display: flex; align-items: center; justify-content: center;
    font-size: 11px;
    font-weight: 700;
    flex-shrink: 0;
    position: relative;
    cursor: default;
  }
  .lnm-ballot-widget .candidate-party::after {
    content: attr(data-party);
    position: absolute;
    bottom: calc(100% + 5px);
    left: 0;
    background: rgba(26,54,104,0.92);
    color: white;
    font-size: 11px;
    font-weight: 400;
    white-space: nowrap;
    padding: 4px 9px;
    border-radius: 4px;
    pointer-events: none;
    opacity: 0;
    transition: opacity 0.15s ease;
    z-index: 20;
  }
  .lnm-ballot-widget .candidate-party:hover::after { opacity: 1; }
  .lnm-ballot-widget .party-d { background: #dceef4; color: #1a6e8a; }
  .lnm-ballot-widget .party-r { background: #faeee7; color: #b85c2a; }
  .lnm-ballot-widget .party-i { background: #e8e8e8; color: #666; }
  .lnm-ballot-widget .party-na { background: #e8e8e8; color: #666; font-size: 8px; }
  .lnm-ballot-widget .party-n { background: #e8f0e8; color: #3a6e3a; }
  .lnm-ballot-widget .party-g { background: #e8f0e8; color: #2e7d32; }
  .lnm-ballot-widget .party-l { background: #fff3e0; color: #e65100; }
  .lnm-ballot-widget .party-a { background: #fce4ec; color: #880e4f; }
  .lnm-ballot-widget .party-p { background: #f3e5f5; color: #6a1b9a; }
  .lnm-ballot-widget .preview-measure-list { padding: 4px 0; }
  .lnm-ballot-widget .preview-measure {
    display: flex;
    align-items: flex-start;
    gap: 12px;
    padding: 10px 14px;
    border-top: 1px solid #eee;
  }
  .lnm-ballot-widget .preview-measure:first-child { border-top: none; }
  .lnm-ballot-widget .preview-measure-badge {
    font-size: 0.78em;
    font-weight: 700;
    letter-spacing: 0.06em;
    text-transform: uppercase;
    background: #1a3668;
    color: #accf00;
    padding: 3px 8px;
    border-radius: 4px;
    flex-shrink: 0;
    width: 130px;
    box-sizing: border-box;
    text-align: center;
    margin-top: 1px;
  }
  .lnm-ballot-widget .preview-measure-body { display: flex; flex-direction: column; gap: 4px; }
  .lnm-ballot-widget .preview-measure-jurisdiction {
    font-size: 0.92em;
    font-weight: 700;
    color: #1a3668;
  }
  .lnm-ballot-widget .preview-measure-description {
    font-size: 0.82em;
    color: #555;
    line-height: 1.5;
  }
  .lnm-ballot-widget .uncontested-wrap {
    margin-bottom: 16px;
    border-radius: 5px;
    overflow: hidden;
    border: 1px solid #1a3668;
  }
  .lnm-ballot-widget .uncontested-toggle {
    background-color: #1a3668;
    color: white;
    padding: 10px 16px;
    display: flex;
    justify-content: space-between;
    align-items: center;
    cursor: pointer;
    user-select: none;
  }
  .lnm-ballot-widget .uncontested-toggle-label { font-size: 0.92em; font-weight: 700; letter-spacing: 0.04em; }
  .lnm-ballot-widget .uncontested-toggle-count {
    font-size: 0.82em; color: #accf00; margin-left: 8px;
    font-weight: 400; text-transform: none; letter-spacing: 0;
  }
  .lnm-ballot-widget .uncontested-chevron { transition: transform 0.2s ease; flex-shrink: 0; }
  .lnm-ballot-widget .uncontested-chevron.open { transform: rotate(180deg); }
  .lnm-ballot-widget .uncontested-body { display: none; background: white; }
  .lnm-ballot-widget .uncontested-body.open { display: block; }
  .lnm-ballot-widget .uncontested-row {
    display: flex; align-items: center; justify-content: space-between;
    padding: 10px 16px; border-bottom: 1px solid #f0e68c; gap: 12px;
    background: #fffde7;
  }
  .lnm-ballot-widget .uncontested-row:last-child { border-bottom: none; }
  .lnm-ballot-widget .uncontested-race-name { font-size: 0.88em; font-weight: 700; color: #1a3668; flex: 1; }
  .lnm-ballot-widget .uncontested-candidate { font-size: 0.85em; color: #444; flex: 1; }
  .lnm-ballot-widget .uncontested-profession { font-size: 0.78em; color: #888; flex: 1; font-style: italic; }
  .lnm-ballot-widget .uncontested-badge {
    font-size: 0.72em; font-weight: 700; letter-spacing: 0.05em; text-transform: uppercase;
    background: #f2f7d9; color: #4a6020; border: 1px solid #c8e050;
    padding: 2px 8px; border-radius: 4px; flex-shrink: 0;
  }
</style>
<div class=""lnm-ballot-widget"">
<div class=""preview-banner""><div class=""preview-banner-title"">Mendocino County — June 2, 2026 Primary</div><div class=""preview-banner-sub"">Ballot Preview — Not Election Results</div></div><div class=""search-wrap""><input class=""search-input"" type=""text"" autocomplete=""off"" placeholder=""Search races, candidates, measures…"" id=""electionSearch""></div><div class=""no-results"" id=""noResults"">No results found.</div><div class=""uncontested-wrap"" id=""uncontestedWrap""><div class=""uncontested-toggle"" id=""uncontestedToggle""><span><span class=""uncontested-toggle-label"">Uncontested Races</span><span class=""uncontested-toggle-count"">5 races with no opposition</span></span><svg class=""uncontested-chevron"" id=""uncontestedChevron"" width=""16"" height=""16"" viewBox=""0 0 16 16"" fill=""none"" xmlns=""http://www.w3.org/2000/svg""><path d=""M4 6L8 10L12 6"" stroke=""white"" stroke-width=""2"" stroke-linecap=""round"" stroke-linejoin=""round""/></svg></div><div class=""uncontested-body"" id=""uncontestedBody""><div class=""uncontested-row""><div class=""uncontested-race-name"">ASSESSOR-CLERK RECORDER</div><div class=""uncontested-candidate"">Tonya Mounts</div><div class=""uncontested-profession"">Assistant Assessor</div><div class=""uncontested-badge"">Uncontested</div></div><div class=""uncontested-row""><div class=""uncontested-race-name"">AUDITOR-CONTROLLER</div><div class=""uncontested-candidate"">Megan Hunter</div><div class=""uncontested-profession"">Assistant Auditor-Controller</div><div class=""uncontested-badge"">Uncontested</div></div><div class=""uncontested-row""><div class=""uncontested-race-name"">TREASURER-TAX COLLECTOR</div><div class=""uncontested-candidate"">Chamise Cubbison</div><div class=""uncontested-profession"">Auditor Controller/Treasurer Tax Collector</div><div class=""uncontested-badge"">Uncontested</div></div><div class=""uncontested-row""><div class=""uncontested-race-name"">COUNTY SUPERINTENDENT OF SCHOOLS</div><div class=""uncontested-candidate"">Nicole H. Glentzer</div><div class=""uncontested-profession"">Incumbent</div><div class=""uncontested-badge"">Uncontested</div></div><div class=""uncontested-row""><div class=""uncontested-race-name"">SUPERIOR COURT JUDGE, ROOM #2</div><div class=""uncontested-candidate"">Fredricco McCurry</div><div class=""uncontested-profession"">Appointed Incumbent</div><div class=""uncontested-badge"">Uncontested</div></div></div></div><div class=""race-box""><div class=""race-title"">SUPERVISOR, 3RD DISTRICT</div><div class=""preview-candidate-list""><div class=""preview-candidate""><div class=""candidate-party party-na"" data-party=""Party Designation Not Available"">NA</div><div class=""preview-candidate-info""><div class=""preview-candidate-name"">Russell Green</div><div class=""preview-candidate-designation"">Small Business Owner</div></div></div><div class=""preview-candidate""><div class=""candidate-party party-na"" data-party=""Party Designation Not Available"">NA</div><div class=""preview-candidate-info""><div class=""preview-candidate-name"">Buffey Wright Bourassa</div><div class=""preview-candidate-designation"">Program Manager</div></div></div><div class=""preview-candidate""><div class=""candidate-party party-na"" data-party=""Party Designation Not Available"">NA</div><div class=""preview-candidate-info""><div class=""preview-candidate-name"">Clay Romero</div><div class=""preview-candidate-designation"">Small Business Owner</div></div></div><div class=""preview-candidate""><div class=""candidate-party party-na"" data-party=""Party Designation Not Available"">NA</div><div class=""preview-candidate-info""><div class=""preview-candidate-name"">Eric Hart</div><div class=""preview-candidate-designation"">Nonprofit/Business Advisor</div></div></div></div></div><div class=""race-box""><div class=""race-title"">SUPERVISOR, 5TH DISTRICT</div><div class=""preview-candidate-list""><div class=""preview-candidate""><div class=""candidate-party party-na"" data-party=""Party Designation Not Available"">NA</div><div class=""preview-candidate-info""><div class=""preview-candidate-name"">Ted Williams</div><div class=""preview-candidate-designation"">Firefighter/Supervisor</div></div></div><div class=""preview-candidate""><div class=""candidate-party party-na"" data-party=""Party Designation Not Available"">NA</div><div class=""preview-candidate-info""><div class=""preview-candidate-name"">Kevin Evans</div><div class=""preview-candidate-designation"">Retired Municipal Government</div></div></div><div class=""preview-candidate""><div class=""candidate-party party-na"" data-party=""Party Designation Not Available"">NA</div><div class=""preview-candidate-info""><div class=""preview-candidate-name"">Todd Lyly</div><div class=""preview-candidate-designation"">Small Business Owner</div></div></div></div></div><div class=""race-box""><div class=""race-title"">SUPERIOR COURT JUDGE, ROOM #3</div><div class=""preview-candidate-list""><div class=""preview-candidate""><div class=""candidate-party party-na"" data-party=""Party Designation Not Available"">NA</div><div class=""preview-candidate-info""><div class=""preview-candidate-name"">Patrick M. Pekin</div><div class=""preview-candidate-designation"">Judge, Volunteer Firefighter</div></div></div><div class=""preview-candidate""><div class=""candidate-party party-na"" data-party=""Party Designation Not Available"">NA</div><div class=""preview-candidate-info""><div class=""preview-candidate-name"">Colby J. Friend</div><div class=""preview-candidate-designation"">Lawyer / Coach / Parent</div></div></div></div></div><div class=""race-box""><div class=""race-title"">Measures on the Ballot</div><div class=""preview-measure-list""><div class=""preview-measure""><div class=""preview-measure-badge"">Measure A</div><div class=""preview-measure-body""><div class=""preview-measure-jurisdiction"">Mendocino Lake Community College District</div><div class=""preview-measure-description"">To repair classrooms/ labs, leaky roofs, electrical; maintain clean drinking water, remove mold, asbestos, lead paint; to train students for careers in trades, construction, wildland firefighting, healthcare/ nursing/ EMT; construct, acquire, repair facilities/ sites/ equipment; shall Mendocino Lake Community College District's measure authorizing $98,000,000 in bonds at legal rates be adopted, levying $24 per $100,000 of assessed valuation ($6,100,000 annually, while bonds are outstanding) with public spending disclosure, oversight, audits, no state takeaways?</div></div></div></div></div>
</div>
<script>
document.addEventListener('DOMContentLoaded', function() {
  var _ut = document.getElementById(""uncontestedToggle"");
  var _ub = document.getElementById(""uncontestedBody"");
  var _uc = document.getElementById(""uncontestedChevron"");
  if (_ut) {
    _ut.addEventListener(""click"", function() {
      _ub.classList.toggle(""open"");
      _uc.classList.toggle(""open"");
    });
  }
  var input = document.getElementById(""electionSearch"");
  var noResults = document.getElementById(""noResults"");
  if (!input) return;
  input.value = '';
  function runFilter() {
    var q = input.value.trim().toLowerCase();
    var boxes = document.querySelectorAll("".lnm-ballot-widget .race-box"");
    var visible = 0;
    boxes.forEach(function(box) {
      var show = !q || box.textContent.toLowerCase().indexOf(q) !== -1;
      box.style.display = show ? """" : ""none"";
      if (show) visible++;
    });
    if (noResults) noResults.style.display = (q && visible === 0) ? ""block"" : ""none"";
  }
  input.addEventListener(""input"", runFilter);
});
</script>"
Monterey,"<style>
  .lnm-ballot-widget, .lnm-ballot-widget *, .lnm-ballot-widget *::before, .lnm-ballot-widget *::after {
    box-sizing: border-box;
  }
  .lnm-ballot-widget {
    font-family: Arial, sans-serif;
    margin: 0;
  }
  .lnm-ballot-widget .race-box {
    background-color: white;
    border: 1px solid #ddd;
    border-radius: 5px;
    margin-bottom: 20px;
    overflow: hidden;
  }
  .lnm-ballot-widget .race-title {
    background-color: #1a3668;
    color: white;
    padding: 10px 14px;
    font-weight: bold;
    font-size: 1em;
  }
  .lnm-ballot-widget .search-wrap { margin-bottom: 16px; position: relative; }
  .lnm-ballot-widget .search-input {
    width: 100%;
    padding: 10px 16px;
    font-size: 15px;
    border: 1px solid #ccc;
    border-radius: 6px;
    background: white;
    outline: none;
    box-shadow: 0 1px 3px rgba(0,0,0,0.08);
  }
  .lnm-ballot-widget .search-input:focus {
    border-color: #1a3668;
    box-shadow: 0 0 0 2px rgba(26,54,104,0.15);
  }
  .lnm-ballot-widget .no-results {
    display: none;
    text-align: center;
    color: #888;
    font-size: 14px;
    padding: 24px 0;
  }
  .lnm-ballot-widget .preview-banner {
    background: #1a3668;
    color: white;
    text-align: center;
    padding: 14px 16px;
    border-radius: 5px;
    margin-bottom: 20px;
  }
  .lnm-ballot-widget .preview-banner-title {
    font-size: 1.15em;
    font-weight: 700;
    letter-spacing: 0.04em;
  }
  .lnm-ballot-widget .preview-banner-sub {
    font-size: 0.85em;
    color: #accf00;
    margin-top: 4px;
    text-transform: uppercase;
    letter-spacing: 0.08em;
  }
  .lnm-ballot-widget .preview-candidate-list { padding: 4px 0; }
  .lnm-ballot-widget .preview-candidate {
    display: flex;
    align-items: flex-start;
    gap: 10px;
    padding: 10px 14px;
    border-top: 1px solid #eee;
  }
  .lnm-ballot-widget .preview-candidate:first-child { border-top: none; }
  .lnm-ballot-widget .preview-candidate-info { display: flex; flex-direction: column; }
  .lnm-ballot-widget .preview-candidate-name {
    font-weight: 700;
    font-size: 0.92em;
    color: #333;
  }
  .lnm-ballot-widget .preview-candidate-designation {
    font-size: 0.82em;
    color: #666;
    margin-top: 2px;
  }
  .lnm-ballot-widget .candidate-party {
    width: 30px; height: 30px;
    border-radius: 50%;
    display: flex; align-items: center; justify-content: center;
    font-size: 11px;
    font-weight: 700;
    flex-shrink: 0;
    position: relative;
    cursor: default;
  }
  .lnm-ballot-widget .candidate-party::after {
    content: attr(data-party);
    position: absolute;
    bottom: calc(100% + 5px);
    left: 0;
    background: rgba(26,54,104,0.92);
    color: white;
    font-size: 11px;
    font-weight: 400;
    white-space: nowrap;
    padding: 4px 9px;
    border-radius: 4px;
    pointer-events: none;
    opacity: 0;
    transition: opacity 0.15s ease;
    z-index: 20;
  }
  .lnm-ballot-widget .candidate-party:hover::after { opacity: 1; }
  .lnm-ballot-widget .party-d { background: #dceef4; color: #1a6e8a; }
  .lnm-ballot-widget .party-r { background: #faeee7; color: #b85c2a; }
  .lnm-ballot-widget .party-i { background: #e8e8e8; color: #666; }
  .lnm-ballot-widget .party-na { background: #e8e8e8; color: #666; font-size: 8px; }
  .lnm-ballot-widget .party-n { background: #e8f0e8; color: #3a6e3a; }
  .lnm-ballot-widget .party-g { background: #e8f0e8; color: #2e7d32; }
  .lnm-ballot-widget .party-l { background: #fff3e0; color: #e65100; }
  .lnm-ballot-widget .party-a { background: #fce4ec; color: #880e4f; }
  .lnm-ballot-widget .party-p { background: #f3e5f5; color: #6a1b9a; }
  .lnm-ballot-widget .preview-measure-list { padding: 4px 0; }
  .lnm-ballot-widget .preview-measure {
    display: flex;
    align-items: flex-start;
    gap: 12px;
    padding: 10px 14px;
    border-top: 1px solid #eee;
  }
  .lnm-ballot-widget .preview-measure:first-child { border-top: none; }
  .lnm-ballot-widget .preview-measure-badge {
    font-size: 0.78em;
    font-weight: 700;
    letter-spacing: 0.06em;
    text-transform: uppercase;
    background: #1a3668;
    color: #accf00;
    padding: 3px 8px;
    border-radius: 4px;
    flex-shrink: 0;
    width: 130px;
    box-sizing: border-box;
    text-align: center;
    margin-top: 1px;
  }
  .lnm-ballot-widget .preview-measure-body { display: flex; flex-direction: column; gap: 4px; }
  .lnm-ballot-widget .preview-measure-jurisdiction {
    font-size: 0.92em;
    font-weight: 700;
    color: #1a3668;
  }
  .lnm-ballot-widget .preview-measure-description {
    font-size: 0.82em;
    color: #555;
    line-height: 1.5;
  }
  .lnm-ballot-widget .uncontested-wrap {
    margin-bottom: 16px;
    border-radius: 5px;
    overflow: hidden;
    border: 1px solid #1a3668;
  }
  .lnm-ballot-widget .uncontested-toggle {
    background-color: #1a3668;
    color: white;
    padding: 10px 16px;
    display: flex;
    justify-content: space-between;
    align-items: center;
    cursor: pointer;
    user-select: none;
  }
  .lnm-ballot-widget .uncontested-toggle-label { font-size: 0.92em; font-weight: 700; letter-spacing: 0.04em; }
  .lnm-ballot-widget .uncontested-toggle-count {
    font-size: 0.82em; color: #accf00; margin-left: 8px;
    font-weight: 400; text-transform: none; letter-spacing: 0;
  }
  .lnm-ballot-widget .uncontested-chevron { transition: transform 0.2s ease; flex-shrink: 0; }
  .lnm-ballot-widget .uncontested-chevron.open { transform: rotate(180deg); }
  .lnm-ballot-widget .uncontested-body { display: none; background: white; }
  .lnm-ballot-widget .uncontested-body.open { display: block; }
  .lnm-ballot-widget .uncontested-row {
    display: flex; align-items: center; justify-content: space-between;
    padding: 10px 16px; border-bottom: 1px solid #f0e68c; gap: 12px;
    background: #fffde7;
  }
  .lnm-ballot-widget .uncontested-row:last-child { border-bottom: none; }
  .lnm-ballot-widget .uncontested-race-name { font-size: 0.88em; font-weight: 700; color: #1a3668; flex: 1; }
  .lnm-ballot-widget .uncontested-candidate { font-size: 0.85em; color: #444; flex: 1; }
  .lnm-ballot-widget .uncontested-profession { font-size: 0.78em; color: #888; flex: 1; font-style: italic; }
  .lnm-ballot-widget .uncontested-badge {
    font-size: 0.72em; font-weight: 700; letter-spacing: 0.05em; text-transform: uppercase;
    background: #f2f7d9; color: #4a6020; border: 1px solid #c8e050;
    padding: 2px 8px; border-radius: 4px; flex-shrink: 0;
  }
</style>
<div class=""lnm-ballot-widget"">
<div class=""preview-banner""><div class=""preview-banner-title"">Monterey County — June 2, 2026 Primary</div><div class=""preview-banner-sub"">Ballot Preview — Not Election Results</div></div><div class=""search-wrap""><input class=""search-input"" type=""text"" autocomplete=""off"" placeholder=""Search races, candidates, measures…"" id=""electionSearch""></div><div class=""no-results"" id=""noResults"">No results found.</div><div class=""uncontested-wrap"" id=""uncontestedWrap""><div class=""uncontested-toggle"" id=""uncontestedToggle""><span><span class=""uncontested-toggle-label"">Uncontested Races</span><span class=""uncontested-toggle-count"">3 races with no opposition</span></span><svg class=""uncontested-chevron"" id=""uncontestedChevron"" width=""16"" height=""16"" viewBox=""0 0 16 16"" fill=""none"" xmlns=""http://www.w3.org/2000/svg""><path d=""M4 6L8 10L12 6"" stroke=""white"" stroke-width=""2"" stroke-linecap=""round"" stroke-linejoin=""round""/></svg></div><div class=""uncontested-body"" id=""uncontestedBody""><div class=""uncontested-row""><div class=""uncontested-race-name"">County Supervisor, District 3</div><div class=""uncontested-candidate"">Chris Lopez</div><div class=""uncontested-profession"">Monterey County Supervisor</div><div class=""uncontested-badge"">Uncontested</div></div><div class=""uncontested-row""><div class=""uncontested-race-name"">Assessor-County Clerk/Recorder</div><div class=""uncontested-candidate"">Marina Camacho</div><div class=""uncontested-profession"">Incumbent</div><div class=""uncontested-badge"">Uncontested</div></div><div class=""uncontested-row""><div class=""uncontested-race-name"">Treasurer/Tax Collector</div><div class=""uncontested-candidate"">Jake Stroud</div><div class=""uncontested-profession"">Appointed Treasurer-Tax Collector</div><div class=""uncontested-badge"">Uncontested</div></div></div></div><div class=""race-box""><div class=""race-title"">County Supervisor, District 2</div><div class=""preview-candidate-list""><div class=""preview-candidate""><div class=""candidate-party party-na"" data-party=""Party Designation Not Available"">NA</div><div class=""preview-candidate-info""><div class=""preview-candidate-name"">Glenn Church</div><div class=""preview-candidate-designation"">Monterey County Supervisor</div></div></div><div class=""preview-candidate""><div class=""candidate-party party-na"" data-party=""Party Designation Not Available"">NA</div><div class=""preview-candidate-info""><div class=""preview-candidate-name"">Ramon Gomez</div><div class=""preview-candidate-designation"">Fire Director/Commissioner</div></div></div></div></div><div class=""race-box""><div class=""race-title"">Auditor/Controller</div><div class=""preview-candidate-list""><div class=""preview-candidate""><div class=""candidate-party party-na"" data-party=""Party Designation Not Available"">NA</div><div class=""preview-candidate-info""><div class=""preview-candidate-name"">Burcu Mousa</div><div class=""preview-candidate-designation"">Certified Public Accountant</div></div></div><div class=""preview-candidate""><div class=""candidate-party party-na"" data-party=""Party Designation Not Available"">NA</div><div class=""preview-candidate-info""><div class=""preview-candidate-name"">Enedina Garcia</div><div class=""preview-candidate-designation"">Assistant Auditor-Controller</div></div></div></div></div><div class=""race-box""><div class=""race-title"">Monterey County Superintendent of Schools</div><div class=""preview-candidate-list""><div class=""preview-candidate""><div class=""candidate-party party-na"" data-party=""Party Designation Not Available"">NA</div><div class=""preview-candidate-info""><div class=""preview-candidate-name"">Dan Burns</div><div class=""preview-candidate-designation"">Assistant Superintendent/Father</div></div></div><div class=""preview-candidate""><div class=""candidate-party party-na"" data-party=""Party Designation Not Available"">NA</div><div class=""preview-candidate-info""><div class=""preview-candidate-name"">Ralph Gómez Porras</div><div class=""preview-candidate-designation"">Monterey County Deputy Superintendent</div></div></div></div></div><div class=""race-box""><div class=""race-title"">Measures on the Ballot</div><div class=""preview-measure-list""><div class=""preview-measure""><div class=""preview-measure-badge"">Measure A</div><div class=""preview-measure-body""><div class=""preview-measure-jurisdiction"">City of Soledad</div><div class=""preview-measure-description"">To ensure fire/emergency medical 911 response, including improved 24/7 staffing, lifesaving equipment/training, and disaster preparedness, shall the City of Soledad’s measure, levying an annual parcel tax of $233.00/single-family unit, $174.00/multi-unit, $99.00-$134.00 plus $.07 per building square foot for non-residential parcels, adjusted yearly by 3% or less, providing $1,000,000 annually until ended by voters, with funds exclusively for reliable 911 emergency medical/fire response and requiring local control/oversight, be adopted?</div></div></div><div class=""preview-measure""><div class=""preview-measure-badge"">Measure B</div><div class=""preview-measure-body""><div class=""preview-measure-jurisdiction"">City of Gonzales</div><div class=""preview-measure-description"">To ensure fire/emergency medical 911 response, including 24-hour staffing, updated lifesaving equipment/training, and disaster preparedness, shall the City of Gonzales’ measure, levying an annual parcel tax of $349.00/single-family unit, $262.00/multi-unit, $148-$201 plus $.07 per building square foot for non-residential parcels, adjusted annually, providing approximately $665,000 per year until ended by voters, with funds dedicated exclusively to reliable 911 emergency medical/fire response and requiring local control/oversight, be adopted?</div></div></div><div class=""preview-measure""><div class=""preview-measure-badge"">Measure C</div><div class=""preview-measure-body""><div class=""preview-measure-jurisdiction"">City of Pacific Grove</div><div class=""preview-measure-description"">Shall the Measure, increasing the compensation of the City of Pacific Grove City Councilmembers from $420 a month to $987 and the City of Pacific Grove Mayor from $700 a month to $1645 and with such new compensation taking effect on the date a Councilmember begins a new term of office in December 2026, be adopted?</div></div></div><div class=""preview-measure""><div class=""preview-measure-badge"">Measure D</div><div class=""preview-measure-body""><div class=""preview-measure-jurisdiction"">City of Monterey</div><div class=""preview-measure-description"">Shall the measure to protect the City of Monterey’s financial stability / quality of life by maintaining services such as police; fire; 9-1-1 emergency response / preparedness; and other unrestricted general fund expenditures, by enacting a 0.375 percent sales tax that expires in nine years, with all funds locally controlled, with public reports / independent audits, providing approximately $4,500,000 annually, be adopted?</div></div></div></div></div>
</div>
<script>
document.addEventListener('DOMContentLoaded', function() {
  var _ut = document.getElementById(""uncontestedToggle"");
  var _ub = document.getElementById(""uncontestedBody"");
  var _uc = document.getElementById(""uncontestedChevron"");
  if (_ut) {
    _ut.addEventListener(""click"", function() {
      _ub.classList.toggle(""open"");
      _uc.classList.toggle(""open"");
    });
  }
  var input = document.getElementById(""electionSearch"");
  var noResults = document.getElementById(""noResults"");
  if (!input) return;
  input.value = '';
  function runFilter() {
    var q = input.value.trim().toLowerCase();
    var boxes = document.querySelectorAll("".lnm-ballot-widget .race-box"");
    var visible = 0;
    boxes.forEach(function(box) {
      var show = !q || box.textContent.toLowerCase().indexOf(q) !== -1;
      box.style.display = show ? """" : ""none"";
      if (show) visible++;
    });
    if (noResults) noResults.style.display = (q && visible === 0) ? ""block"" : ""none"";
  }
  input.addEventListener(""input"", runFilter);
});
</script>"
Napa,"<style>
  .lnm-ballot-widget, .lnm-ballot-widget *, .lnm-ballot-widget *::before, .lnm-ballot-widget *::after {
    box-sizing: border-box;
  }
  .lnm-ballot-widget {
    font-family: Arial, sans-serif;
    margin: 0;
  }
  .lnm-ballot-widget .race-box {
    background-color: white;
    border: 1px solid #ddd;
    border-radius: 5px;
    margin-bottom: 20px;
    overflow: hidden;
  }
  .lnm-ballot-widget .race-title {
    background-color: #1a3668;
    color: white;
    padding: 10px 14px;
    font-weight: bold;
    font-size: 1em;
  }
  .lnm-ballot-widget .search-wrap { margin-bottom: 16px; position: relative; }
  .lnm-ballot-widget .search-input {
    width: 100%;
    padding: 10px 16px;
    font-size: 15px;
    border: 1px solid #ccc;
    border-radius: 6px;
    background: white;
    outline: none;
    box-shadow: 0 1px 3px rgba(0,0,0,0.08);
  }
  .lnm-ballot-widget .search-input:focus {
    border-color: #1a3668;
    box-shadow: 0 0 0 2px rgba(26,54,104,0.15);
  }
  .lnm-ballot-widget .no-results {
    display: none;
    text-align: center;
    color: #888;
    font-size: 14px;
    padding: 24px 0;
  }
  .lnm-ballot-widget .preview-banner {
    background: #1a3668;
    color: white;
    text-align: center;
    padding: 14px 16px;
    border-radius: 5px;
    margin-bottom: 20px;
  }
  .lnm-ballot-widget .preview-banner-title {
    font-size: 1.15em;
    font-weight: 700;
    letter-spacing: 0.04em;
  }
  .lnm-ballot-widget .preview-banner-sub {
    font-size: 0.85em;
    color: #accf00;
    margin-top: 4px;
    text-transform: uppercase;
    letter-spacing: 0.08em;
  }
  .lnm-ballot-widget .preview-candidate-list { padding: 4px 0; }
  .lnm-ballot-widget .preview-candidate {
    display: flex;
    align-items: flex-start;
    gap: 10px;
    padding: 10px 14px;
    border-top: 1px solid #eee;
  }
  .lnm-ballot-widget .preview-candidate:first-child { border-top: none; }
  .lnm-ballot-widget .preview-candidate-info { display: flex; flex-direction: column; }
  .lnm-ballot-widget .preview-candidate-name {
    font-weight: 700;
    font-size: 0.92em;
    color: #333;
  }
  .lnm-ballot-widget .preview-candidate-designation {
    font-size: 0.82em;
    color: #666;
    margin-top: 2px;
  }
  .lnm-ballot-widget .candidate-party {
    width: 30px; height: 30px;
    border-radius: 50%;
    display: flex; align-items: center; justify-content: center;
    font-size: 11px;
    font-weight: 700;
    flex-shrink: 0;
    position: relative;
    cursor: default;
  }
  .lnm-ballot-widget .candidate-party::after {
    content: attr(data-party);
    position: absolute;
    bottom: calc(100% + 5px);
    left: 0;
    background: rgba(26,54,104,0.92);
    color: white;
    font-size: 11px;
    font-weight: 400;
    white-space: nowrap;
    padding: 4px 9px;
    border-radius: 4px;
    pointer-events: none;
    opacity: 0;
    transition: opacity 0.15s ease;
    z-index: 20;
  }
  .lnm-ballot-widget .candidate-party:hover::after { opacity: 1; }
  .lnm-ballot-widget .party-d { background: #dceef4; color: #1a6e8a; }
  .lnm-ballot-widget .party-r { background: #faeee7; color: #b85c2a; }
  .lnm-ballot-widget .party-i { background: #e8e8e8; color: #666; }
  .lnm-ballot-widget .party-na { background: #e8e8e8; color: #666; font-size: 8px; }
  .lnm-ballot-widget .party-n { background: #e8f0e8; color: #3a6e3a; }
  .lnm-ballot-widget .party-g { background: #e8f0e8; color: #2e7d32; }
  .lnm-ballot-widget .party-l { background: #fff3e0; color: #e65100; }
  .lnm-ballot-widget .party-a { background: #fce4ec; color: #880e4f; }
  .lnm-ballot-widget .party-p { background: #f3e5f5; color: #6a1b9a; }
  .lnm-ballot-widget .preview-measure-list { padding: 4px 0; }
  .lnm-ballot-widget .preview-measure {
    display: flex;
    align-items: flex-start;
    gap: 12px;
    padding: 10px 14px;
    border-top: 1px solid #eee;
  }
  .lnm-ballot-widget .preview-measure:first-child { border-top: none; }
  .lnm-ballot-widget .preview-measure-badge {
    font-size: 0.78em;
    font-weight: 700;
    letter-spacing: 0.06em;
    text-transform: uppercase;
    background: #1a3668;
    color: #accf00;
    padding: 3px 8px;
    border-radius: 4px;
    flex-shrink: 0;
    width: 130px;
    box-sizing: border-box;
    text-align: center;
    margin-top: 1px;
  }
  .lnm-ballot-widget .preview-measure-body { display: flex; flex-direction: column; gap: 4px; }
  .lnm-ballot-widget .preview-measure-jurisdiction {
    font-size: 0.92em;
    font-weight: 700;
    color: #1a3668;
  }
  .lnm-ballot-widget .preview-measure-description {
    font-size: 0.82em;
    color: #555;
    line-height: 1.5;
  }
  .lnm-ballot-widget .uncontested-wrap {
    margin-bottom: 16px;
    border-radius: 5px;
    overflow: hidden;
    border: 1px solid #1a3668;
  }
  .lnm-ballot-widget .uncontested-toggle {
    background-color: #1a3668;
    color: white;
    padding: 10px 16px;
    display: flex;
    justify-content: space-between;
    align-items: center;
    cursor: pointer;
    user-select: none;
  }
  .lnm-ballot-widget .uncontested-toggle-label { font-size: 0.92em; font-weight: 700; letter-spacing: 0.04em; }
  .lnm-ballot-widget .uncontested-toggle-count {
    font-size: 0.82em; color: #accf00; margin-left: 8px;
    font-weight: 400; text-transform: none; letter-spacing: 0;
  }
  .lnm-ballot-widget .uncontested-chevron { transition: transform 0.2s ease; flex-shrink: 0; }
  .lnm-ballot-widget .uncontested-chevron.open { transform: rotate(180deg); }
  .lnm-ballot-widget .uncontested-body { display: none; background: white; }
  .lnm-ballot-widget .uncontested-body.open { display: block; }
  .lnm-ballot-widget .uncontested-row {
    display: flex; align-items: center; justify-content: space-between;
    padding: 10px 16px; border-bottom: 1px solid #f0e68c; gap: 12px;
    background: #fffde7;
  }
  .lnm-ballot-widget .uncontested-row:last-child { border-bottom: none; }
  .lnm-ballot-widget .uncontested-race-name { font-size: 0.88em; font-weight: 700; color: #1a3668; flex: 1; }
  .lnm-ballot-widget .uncontested-candidate { font-size: 0.85em; color: #444; flex: 1; }
  .lnm-ballot-widget .uncontested-profession { font-size: 0.78em; color: #888; flex: 1; font-style: italic; }
  .lnm-ballot-widget .uncontested-badge {
    font-size: 0.72em; font-weight: 700; letter-spacing: 0.05em; text-transform: uppercase;
    background: #f2f7d9; color: #4a6020; border: 1px solid #c8e050;
    padding: 2px 8px; border-radius: 4px; flex-shrink: 0;
  }
</style>
<div class=""lnm-ballot-widget"">
<div class=""preview-banner""><div class=""preview-banner-title"">Napa County — June 2, 2026 Primary</div><div class=""preview-banner-sub"">Ballot Preview — Not Election Results</div></div><div class=""search-wrap""><input class=""search-input"" type=""text"" autocomplete=""off"" placeholder=""Search races, candidates, measures…"" id=""electionSearch""></div><div class=""no-results"" id=""noResults"">No results found.</div><div class=""uncontested-wrap"" id=""uncontestedWrap""><div class=""uncontested-toggle"" id=""uncontestedToggle""><span><span class=""uncontested-toggle-label"">Uncontested Races</span><span class=""uncontested-toggle-count"">7 races with no opposition</span></span><svg class=""uncontested-chevron"" id=""uncontestedChevron"" width=""16"" height=""16"" viewBox=""0 0 16 16"" fill=""none"" xmlns=""http://www.w3.org/2000/svg""><path d=""M4 6L8 10L12 6"" stroke=""white"" stroke-width=""2"" stroke-linecap=""round"" stroke-linejoin=""round""/></svg></div><div class=""uncontested-body"" id=""uncontestedBody""><div class=""uncontested-row""><div class=""uncontested-race-name"">Superior Court Judge Seat 3</div><div class=""uncontested-candidate"">Kecia Lind</div><div class=""uncontested-profession"">Appointed Superior Court Judge</div><div class=""uncontested-badge"">Uncontested</div></div><div class=""uncontested-row""><div class=""uncontested-race-name"">Superior Court Judge Seat 2</div><div class=""uncontested-candidate"">Cynthia P. Smith</div><div class=""uncontested-profession"">Superior Court Judge</div><div class=""uncontested-badge"">Uncontested</div></div><div class=""uncontested-row""><div class=""uncontested-race-name"">Superior Court Judge Seat 4</div><div class=""uncontested-candidate"">Robert Stamps</div><div class=""uncontested-profession"">Appointed Napa Superior Court Judge</div><div class=""uncontested-badge"">Uncontested</div></div><div class=""uncontested-row""><div class=""uncontested-race-name"">Superior Court Judge Seat 5</div><div class=""uncontested-candidate"">Elia Ortiz</div><div class=""uncontested-profession"">Napa Superior Court Judge</div><div class=""uncontested-badge"">Uncontested</div></div><div class=""uncontested-row""><div class=""uncontested-race-name"">County Superintendent of Schools</div><div class=""uncontested-candidate"">Joshua Schultz</div><div class=""uncontested-profession"">Appointed Napa County Superintendent of Schools</div><div class=""uncontested-badge"">Uncontested</div></div><div class=""uncontested-row""><div class=""uncontested-race-name"">Supervisor, 1st District</div><div class=""uncontested-candidate"">Joelle Gallagher</div><div class=""uncontested-profession"">Napa County Supervisor</div><div class=""uncontested-badge"">Uncontested</div></div><div class=""uncontested-row""><div class=""uncontested-race-name"">Supervisor, 3rd District</div><div class=""uncontested-candidate"">Anne Cottrell</div><div class=""uncontested-profession"">Napa County Supervisor</div><div class=""uncontested-badge"">Uncontested</div></div></div></div>
</div>
<script>
document.addEventListener('DOMContentLoaded', function() {
  var _ut = document.getElementById(""uncontestedToggle"");
  var _ub = document.getElementById(""uncontestedBody"");
  var _uc = document.getElementById(""uncontestedChevron"");
  if (_ut) {
    _ut.addEventListener(""click"", function() {
      _ub.classList.toggle(""open"");
      _uc.classList.toggle(""open"");
    });
  }
  var input = document.getElementById(""electionSearch"");
  var noResults = document.getElementById(""noResults"");
  if (!input) return;
  input.value = '';
  function runFilter() {
    var q = input.value.trim().toLowerCase();
    var boxes = document.querySelectorAll("".lnm-ballot-widget .race-box"");
    var visible = 0;
    boxes.forEach(function(box) {
      var show = !q || box.textContent.toLowerCase().indexOf(q) !== -1;
      box.style.display = show ? """" : ""none"";
      if (show) visible++;
    });
    if (noResults) noResults.style.display = (q && visible === 0) ? ""block"" : ""none"";
  }
  input.addEventListener(""input"", runFilter);
});
</script>"
San Francisco,"<style>
  .lnm-ballot-widget, .lnm-ballot-widget *, .lnm-ballot-widget *::before, .lnm-ballot-widget *::after {
    box-sizing: border-box;
  }
  .lnm-ballot-widget {
    font-family: Arial, sans-serif;
    margin: 0;
  }
  .lnm-ballot-widget .race-box {
    background-color: white;
    border: 1px solid #ddd;
    border-radius: 5px;
    margin-bottom: 20px;
    overflow: hidden;
  }
  .lnm-ballot-widget .race-title {
    background-color: #1a3668;
    color: white;
    padding: 10px 14px;
    font-weight: bold;
    font-size: 1em;
  }
  .lnm-ballot-widget .search-wrap { margin-bottom: 16px; position: relative; }
  .lnm-ballot-widget .search-input {
    width: 100%;
    padding: 10px 16px;
    font-size: 15px;
    border: 1px solid #ccc;
    border-radius: 6px;
    background: white;
    outline: none;
    box-shadow: 0 1px 3px rgba(0,0,0,0.08);
  }
  .lnm-ballot-widget .search-input:focus {
    border-color: #1a3668;
    box-shadow: 0 0 0 2px rgba(26,54,104,0.15);
  }
  .lnm-ballot-widget .no-results {
    display: none;
    text-align: center;
    color: #888;
    font-size: 14px;
    padding: 24px 0;
  }
  .lnm-ballot-widget .preview-banner {
    background: #1a3668;
    color: white;
    text-align: center;
    padding: 14px 16px;
    border-radius: 5px;
    margin-bottom: 20px;
  }
  .lnm-ballot-widget .preview-banner-title {
    font-size: 1.15em;
    font-weight: 700;
    letter-spacing: 0.04em;
  }
  .lnm-ballot-widget .preview-banner-sub {
    font-size: 0.85em;
    color: #accf00;
    margin-top: 4px;
    text-transform: uppercase;
    letter-spacing: 0.08em;
  }
  .lnm-ballot-widget .preview-candidate-list { padding: 4px 0; }
  .lnm-ballot-widget .preview-candidate {
    display: flex;
    align-items: flex-start;
    gap: 10px;
    padding: 10px 14px;
    border-top: 1px solid #eee;
  }
  .lnm-ballot-widget .preview-candidate:first-child { border-top: none; }
  .lnm-ballot-widget .preview-candidate-info { display: flex; flex-direction: column; }
  .lnm-ballot-widget .preview-candidate-name {
    font-weight: 700;
    font-size: 0.92em;
    color: #333;
  }
  .lnm-ballot-widget .preview-candidate-designation {
    font-size: 0.82em;
    color: #666;
    margin-top: 2px;
  }
  .lnm-ballot-widget .candidate-party {
    width: 30px; height: 30px;
    border-radius: 50%;
    display: flex; align-items: center; justify-content: center;
    font-size: 11px;
    font-weight: 700;
    flex-shrink: 0;
    position: relative;
    cursor: default;
  }
  .lnm-ballot-widget .candidate-party::after {
    content: attr(data-party);
    position: absolute;
    bottom: calc(100% + 5px);
    left: 0;
    background: rgba(26,54,104,0.92);
    color: white;
    font-size: 11px;
    font-weight: 400;
    white-space: nowrap;
    padding: 4px 9px;
    border-radius: 4px;
    pointer-events: none;
    opacity: 0;
    transition: opacity 0.15s ease;
    z-index: 20;
  }
  .lnm-ballot-widget .candidate-party:hover::after { opacity: 1; }
  .lnm-ballot-widget .party-d { background: #dceef4; color: #1a6e8a; }
  .lnm-ballot-widget .party-r { background: #faeee7; color: #b85c2a; }
  .lnm-ballot-widget .party-i { background: #e8e8e8; color: #666; }
  .lnm-ballot-widget .party-na { background: #e8e8e8; color: #666; font-size: 8px; }
  .lnm-ballot-widget .party-n { background: #e8f0e8; color: #3a6e3a; }
  .lnm-ballot-widget .party-g { background: #e8f0e8; color: #2e7d32; }
  .lnm-ballot-widget .party-l { background: #fff3e0; color: #e65100; }
  .lnm-ballot-widget .party-a { background: #fce4ec; color: #880e4f; }
  .lnm-ballot-widget .party-p { background: #f3e5f5; color: #6a1b9a; }
  .lnm-ballot-widget .preview-measure-list { padding: 4px 0; }
  .lnm-ballot-widget .preview-measure {
    display: flex;
    align-items: flex-start;
    gap: 12px;
    padding: 10px 14px;
    border-top: 1px solid #eee;
  }
  .lnm-ballot-widget .preview-measure:first-child { border-top: none; }
  .lnm-ballot-widget .preview-measure-badge {
    font-size: 0.78em;
    font-weight: 700;
    letter-spacing: 0.06em;
    text-transform: uppercase;
    background: #1a3668;
    color: #accf00;
    padding: 3px 8px;
    border-radius: 4px;
    flex-shrink: 0;
    width: 130px;
    box-sizing: border-box;
    text-align: center;
    margin-top: 1px;
  }
  .lnm-ballot-widget .preview-measure-body { display: flex; flex-direction: column; gap: 4px; }
  .lnm-ballot-widget .preview-measure-jurisdiction {
    font-size: 0.92em;
    font-weight: 700;
    color: #1a3668;
  }
  .lnm-ballot-widget .preview-measure-description {
    font-size: 0.82em;
    color: #555;
    line-height: 1.5;
  }
  .lnm-ballot-widget .uncontested-wrap {
    margin-bottom: 16px;
    border-radius: 5px;
    overflow: hidden;
    border: 1px solid #1a3668;
  }
  .lnm-ballot-widget .uncontested-toggle {
    background-color: #1a3668;
    color: white;
    padding: 10px 16px;
    display: flex;
    justify-content: space-between;
    align-items: center;
    cursor: pointer;
    user-select: none;
  }
  .lnm-ballot-widget .uncontested-toggle-label { font-size: 0.92em; font-weight: 700; letter-spacing: 0.04em; }
  .lnm-ballot-widget .uncontested-toggle-count {
    font-size: 0.82em; color: #accf00; margin-left: 8px;
    font-weight: 400; text-transform: none; letter-spacing: 0;
  }
  .lnm-ballot-widget .uncontested-chevron { transition: transform 0.2s ease; flex-shrink: 0; }
  .lnm-ballot-widget .uncontested-chevron.open { transform: rotate(180deg); }
  .lnm-ballot-widget .uncontested-body { display: none; background: white; }
  .lnm-ballot-widget .uncontested-body.open { display: block; }
  .lnm-ballot-widget .uncontested-row {
    display: flex; align-items: center; justify-content: space-between;
    padding: 10px 16px; border-bottom: 1px solid #f0e68c; gap: 12px;
    background: #fffde7;
  }
  .lnm-ballot-widget .uncontested-row:last-child { border-bottom: none; }
  .lnm-ballot-widget .uncontested-race-name { font-size: 0.88em; font-weight: 700; color: #1a3668; flex: 1; }
  .lnm-ballot-widget .uncontested-candidate { font-size: 0.85em; color: #444; flex: 1; }
  .lnm-ballot-widget .uncontested-profession { font-size: 0.78em; color: #888; flex: 1; font-style: italic; }
  .lnm-ballot-widget .uncontested-badge {
    font-size: 0.72em; font-weight: 700; letter-spacing: 0.05em; text-transform: uppercase;
    background: #f2f7d9; color: #4a6020; border: 1px solid #c8e050;
    padding: 2px 8px; border-radius: 4px; flex-shrink: 0;
  }
</style>
<div class=""lnm-ballot-widget"">
<div class=""preview-banner""><div class=""preview-banner-title"">San Francisco — June 2, 2026 Primary</div><div class=""preview-banner-sub"">Ballot Preview — Not Election Results</div></div><div class=""search-wrap""><input class=""search-input"" type=""text"" autocomplete=""off"" placeholder=""Search races, candidates, measures…"" id=""electionSearch""></div><div class=""no-results"" id=""noResults"">No results found.</div><div class=""race-box""><div class=""race-title"">Board of Supervisors, District 4</div><div class=""preview-candidate-list""><div class=""preview-candidate""><div class=""candidate-party party-na"" data-party=""Party Designation Not Available"">NA</div><div class=""preview-candidate-info""><div class=""preview-candidate-name"">Albert Chow</div></div></div><div class=""preview-candidate""><div class=""candidate-party party-na"" data-party=""Party Designation Not Available"">NA</div><div class=""preview-candidate-info""><div class=""preview-candidate-name"">Natalie Gee</div></div></div><div class=""preview-candidate""><div class=""candidate-party party-na"" data-party=""Party Designation Not Available"">NA</div><div class=""preview-candidate-info""><div class=""preview-candidate-name"">Jeremy Greco</div></div></div><div class=""preview-candidate""><div class=""candidate-party party-na"" data-party=""Party Designation Not Available"">NA</div><div class=""preview-candidate-info""><div class=""preview-candidate-name"">David Lee</div></div></div><div class=""preview-candidate""><div class=""candidate-party party-na"" data-party=""Party Designation Not Available"">NA</div><div class=""preview-candidate-info""><div class=""preview-candidate-name"">Alan Wong</div></div></div></div></div><div class=""race-box""><div class=""race-title"">Board of Supervisors, District 2</div><div class=""preview-candidate-list""><div class=""preview-candidate""><div class=""candidate-party party-na"" data-party=""Party Designation Not Available"">NA</div><div class=""preview-candidate-info""><div class=""preview-candidate-name"">Lori Brooke</div></div></div><div class=""preview-candidate""><div class=""candidate-party party-na"" data-party=""Party Designation Not Available"">NA</div><div class=""preview-candidate-info""><div class=""preview-candidate-name"">Stephen Sherrill</div></div></div></div></div><div class=""race-box""><div class=""race-title"">Board of Education (1 seat)</div><div class=""preview-candidate-list""><div class=""preview-candidate""><div class=""candidate-party party-na"" data-party=""Party Designation Not Available"">NA</div><div class=""preview-candidate-info""><div class=""preview-candidate-name"">Virginia Cheung</div><div class=""preview-candidate-designation"">Non-profit Educator/Mother</div></div></div><div class=""preview-candidate""><div class=""candidate-party party-na"" data-party=""Party Designation Not Available"">NA</div><div class=""preview-candidate-info""><div class=""preview-candidate-name"">Phillip Kim</div><div class=""preview-candidate-designation"">School Board President</div></div></div><div class=""preview-candidate""><div class=""candidate-party party-na"" data-party=""Party Designation Not Available"">NA</div><div class=""preview-candidate-info""><div class=""preview-candidate-name"">Brandee Marckmann</div><div class=""preview-candidate-designation"">Mom/Nonprofit Director</div></div></div></div></div><div class=""race-box""><div class=""race-title"">Superior Court Judge, Seat 16</div><div class=""preview-candidate-list""><div class=""preview-candidate""><div class=""candidate-party party-na"" data-party=""Party Designation Not Available"">NA</div><div class=""preview-candidate-info""><div class=""preview-candidate-name"">Phoebe Maffei</div><div class=""preview-candidate-designation"">San Francisco Assistant District Attorney</div></div></div><div class=""preview-candidate""><div class=""candidate-party party-na"" data-party=""Party Designation Not Available"">NA</div><div class=""preview-candidate-info""><div class=""preview-candidate-name"">Alexandra Pray</div><div class=""preview-candidate-designation"">City &amp; County of San Francisco Deputy Public Defender</div></div></div></div></div><div class=""race-box""><div class=""race-title"">Measures on the Ballot</div><div class=""preview-measure-list""><div class=""preview-measure""><div class=""preview-measure-badge"">Measure A</div><div class=""preview-measure-body""><div class=""preview-measure-jurisdiction"">City and County of San Francisco</div><div class=""preview-measure-description"">To improve fire, earthquake, and emergency response by retrofitting, improving, expanding, constructing, and/or replacing: deteriorating pipes, tunnels, and related facilities to ensure firefighters can access enough water to fight fires from a major disaster or emergency; unsafe or deteriorating emergency response facilities, including neighborhood fire stations, critical transportation facilities, and public safety facilities; and to pay related costs, shall the City and County of San Francisco's issuance of $535,000,000 in general obligation bonds be adopted, with a duration up to 30 years from the time of issuance, an estimated average tax rate of $7.45/$100,000 of assessed property value, and estimated average annual revenues of $35,900,000, subject to independent citizen oversight and regular audits?</div></div></div><div class=""preview-measure""><div class=""preview-measure-badge"">Measure B</div><div class=""preview-measure-body""><div class=""preview-measure-jurisdiction"">City and County of San Francisco</div><div class=""preview-measure-description"">Shall the City amend the Charter to set lifetime term limits for the Mayor and members of the Board of Supervisors so that people may not serve more than two four-year terms in those offices?</div></div></div><div class=""preview-measure""><div class=""preview-measure-badge"">Measure C</div><div class=""preview-measure-body""><div class=""preview-measure-jurisdiction"">City and County of San Francisco</div><div class=""preview-measure-description"">Shall the City permanently change the taxes it collects by exempting most businesses with up to $7.5 million in San Francisco gross receipts from both the gross receipts tax and the top executive pay tax on some businesses whose highest-paid managerial employee earns more than 100 times the median compensation paid to their San Francisco employees, and by increasing the rates of the top executive pay tax to either between 0.021% and 0.129% of their San Francisco gross receipts or between 0.086% and 0.514% of their San Francisco payroll expense, for an estimated annual revenue decrease of $30-$40 million?</div></div></div><div class=""preview-measure""><div class=""preview-measure-badge"">Measure D</div><div class=""preview-measure-body""><div class=""preview-measure-jurisdiction"">City and County of San Francisco</div><div class=""preview-measure-description"">Shall the City permanently change the top executive pay tax it collects from some large businesses when their highest-paid managerial employee earns more than 100 times the median compensation paid to their San Francisco employees, by changing the tax to be calculated using the compensation of all employees, not just those based in San Francisco, and shall the City increase the top executive pay tax rates for these businesses to either between 0.183% and 1.121% of their gross receipts or between 0.75% and 4.47% of their payroll expense in San Francisco, for an estimated annual revenue increase of $250-$300 million?</div></div></div></div></div>
</div>
<script>
document.addEventListener('DOMContentLoaded', function() {
  var _ut = document.getElementById(""uncontestedToggle"");
  var _ub = document.getElementById(""uncontestedBody"");
  var _uc = document.getElementById(""uncontestedChevron"");
  if (_ut) {
    _ut.addEventListener(""click"", function() {
      _ub.classList.toggle(""open"");
      _uc.classList.toggle(""open"");
    });
  }
  var input = document.getElementById(""electionSearch"");
  var noResults = document.getElementById(""noResults"");
  if (!input) return;
  input.value = '';
  function runFilter() {
    var q = input.value.trim().toLowerCase();
    var boxes = document.querySelectorAll("".lnm-ballot-widget .race-box"");
    var visible = 0;
    boxes.forEach(function(box) {
      var show = !q || box.textContent.toLowerCase().indexOf(q) !== -1;
      box.style.display = show ? """" : ""none"";
      if (show) visible++;
    });
    if (noResults) noResults.style.display = (q && visible === 0) ? ""block"" : ""none"";
  }
  input.addEventListener(""input"", runFilter);
});
</script>"
San Joaquin,"<style>
  .lnm-ballot-widget, .lnm-ballot-widget *, .lnm-ballot-widget *::before, .lnm-ballot-widget *::after {
    box-sizing: border-box;
  }
  .lnm-ballot-widget {
    font-family: Arial, sans-serif;
    margin: 0;
  }
  .lnm-ballot-widget .race-box {
    background-color: white;
    border: 1px solid #ddd;
    border-radius: 5px;
    margin-bottom: 20px;
    overflow: hidden;
  }
  .lnm-ballot-widget .race-title {
    background-color: #1a3668;
    color: white;
    padding: 10px 14px;
    font-weight: bold;
    font-size: 1em;
  }
  .lnm-ballot-widget .search-wrap { margin-bottom: 16px; position: relative; }
  .lnm-ballot-widget .search-input {
    width: 100%;
    padding: 10px 16px;
    font-size: 15px;
    border: 1px solid #ccc;
    border-radius: 6px;
    background: white;
    outline: none;
    box-shadow: 0 1px 3px rgba(0,0,0,0.08);
  }
  .lnm-ballot-widget .search-input:focus {
    border-color: #1a3668;
    box-shadow: 0 0 0 2px rgba(26,54,104,0.15);
  }
  .lnm-ballot-widget .no-results {
    display: none;
    text-align: center;
    color: #888;
    font-size: 14px;
    padding: 24px 0;
  }
  .lnm-ballot-widget .preview-banner {
    background: #1a3668;
    color: white;
    text-align: center;
    padding: 14px 16px;
    border-radius: 5px;
    margin-bottom: 20px;
  }
  .lnm-ballot-widget .preview-banner-title {
    font-size: 1.15em;
    font-weight: 700;
    letter-spacing: 0.04em;
  }
  .lnm-ballot-widget .preview-banner-sub {
    font-size: 0.85em;
    color: #accf00;
    margin-top: 4px;
    text-transform: uppercase;
    letter-spacing: 0.08em;
  }
  .lnm-ballot-widget .preview-candidate-list { padding: 4px 0; }
  .lnm-ballot-widget .preview-candidate {
    display: flex;
    align-items: flex-start;
    gap: 10px;
    padding: 10px 14px;
    border-top: 1px solid #eee;
  }
  .lnm-ballot-widget .preview-candidate:first-child { border-top: none; }
  .lnm-ballot-widget .preview-candidate-info { display: flex; flex-direction: column; }
  .lnm-ballot-widget .preview-candidate-name {
    font-weight: 700;
    font-size: 0.92em;
    color: #333;
  }
  .lnm-ballot-widget .preview-candidate-designation {
    font-size: 0.82em;
    color: #666;
    margin-top: 2px;
  }
  .lnm-ballot-widget .candidate-party {
    width: 30px; height: 30px;
    border-radius: 50%;
    display: flex; align-items: center; justify-content: center;
    font-size: 11px;
    font-weight: 700;
    flex-shrink: 0;
    position: relative;
    cursor: default;
  }
  .lnm-ballot-widget .candidate-party::after {
    content: attr(data-party);
    position: absolute;
    bottom: calc(100% + 5px);
    left: 0;
    background: rgba(26,54,104,0.92);
    color: white;
    font-size: 11px;
    font-weight: 400;
    white-space: nowrap;
    padding: 4px 9px;
    border-radius: 4px;
    pointer-events: none;
    opacity: 0;
    transition: opacity 0.15s ease;
    z-index: 20;
  }
  .lnm-ballot-widget .candidate-party:hover::after { opacity: 1; }
  .lnm-ballot-widget .party-d { background: #dceef4; color: #1a6e8a; }
  .lnm-ballot-widget .party-r { background: #faeee7; color: #b85c2a; }
  .lnm-ballot-widget .party-i { background: #e8e8e8; color: #666; }
  .lnm-ballot-widget .party-na { background: #e8e8e8; color: #666; font-size: 8px; }
  .lnm-ballot-widget .party-n { background: #e8f0e8; color: #3a6e3a; }
  .lnm-ballot-widget .party-g { background: #e8f0e8; color: #2e7d32; }
  .lnm-ballot-widget .party-l { background: #fff3e0; color: #e65100; }
  .lnm-ballot-widget .party-a { background: #fce4ec; color: #880e4f; }
  .lnm-ballot-widget .party-p { background: #f3e5f5; color: #6a1b9a; }
  .lnm-ballot-widget .preview-measure-list { padding: 4px 0; }
  .lnm-ballot-widget .preview-measure {
    display: flex;
    align-items: flex-start;
    gap: 12px;
    padding: 10px 14px;
    border-top: 1px solid #eee;
  }
  .lnm-ballot-widget .preview-measure:first-child { border-top: none; }
  .lnm-ballot-widget .preview-measure-badge {
    font-size: 0.78em;
    font-weight: 700;
    letter-spacing: 0.06em;
    text-transform: uppercase;
    background: #1a3668;
    color: #accf00;
    padding: 3px 8px;
    border-radius: 4px;
    flex-shrink: 0;
    width: 130px;
    box-sizing: border-box;
    text-align: center;
    margin-top: 1px;
  }
  .lnm-ballot-widget .preview-measure-body { display: flex; flex-direction: column; gap: 4px; }
  .lnm-ballot-widget .preview-measure-jurisdiction {
    font-size: 0.92em;
    font-weight: 700;
    color: #1a3668;
  }
  .lnm-ballot-widget .preview-measure-description {
    font-size: 0.82em;
    color: #555;
    line-height: 1.5;
  }
  .lnm-ballot-widget .uncontested-wrap {
    margin-bottom: 16px;
    border-radius: 5px;
    overflow: hidden;
    border: 1px solid #1a3668;
  }
  .lnm-ballot-widget .uncontested-toggle {
    background-color: #1a3668;
    color: white;
    padding: 10px 16px;
    display: flex;
    justify-content: space-between;
    align-items: center;
    cursor: pointer;
    user-select: none;
  }
  .lnm-ballot-widget .uncontested-toggle-label { font-size: 0.92em; font-weight: 700; letter-spacing: 0.04em; }
  .lnm-ballot-widget .uncontested-toggle-count {
    font-size: 0.82em; color: #accf00; margin-left: 8px;
    font-weight: 400; text-transform: none; letter-spacing: 0;
  }
  .lnm-ballot-widget .uncontested-chevron { transition: transform 0.2s ease; flex-shrink: 0; }
  .lnm-ballot-widget .uncontested-chevron.open { transform: rotate(180deg); }
  .lnm-ballot-widget .uncontested-body { display: none; background: white; }
  .lnm-ballot-widget .uncontested-body.open { display: block; }
  .lnm-ballot-widget .uncontested-row {
    display: flex; align-items: center; justify-content: space-between;
    padding: 10px 16px; border-bottom: 1px solid #f0e68c; gap: 12px;
    background: #fffde7;
  }
  .lnm-ballot-widget .uncontested-row:last-child { border-bottom: none; }
  .lnm-ballot-widget .uncontested-race-name { font-size: 0.88em; font-weight: 700; color: #1a3668; flex: 1; }
  .lnm-ballot-widget .uncontested-candidate { font-size: 0.85em; color: #444; flex: 1; }
  .lnm-ballot-widget .uncontested-profession { font-size: 0.78em; color: #888; flex: 1; font-style: italic; }
  .lnm-ballot-widget .uncontested-badge {
    font-size: 0.72em; font-weight: 700; letter-spacing: 0.05em; text-transform: uppercase;
    background: #f2f7d9; color: #4a6020; border: 1px solid #c8e050;
    padding: 2px 8px; border-radius: 4px; flex-shrink: 0;
  }
</style>
<div class=""lnm-ballot-widget"">
<div class=""preview-banner""><div class=""preview-banner-title"">San Joaquin County — June 2, 2026 Primary</div><div class=""preview-banner-sub"">Ballot Preview — Not Election Results</div></div><div class=""search-wrap""><input class=""search-input"" type=""text"" autocomplete=""off"" placeholder=""Search races, candidates, measures…"" id=""electionSearch""></div><div class=""no-results"" id=""noResults"">No results found.</div><div class=""uncontested-wrap"" id=""uncontestedWrap""><div class=""uncontested-toggle"" id=""uncontestedToggle""><span><span class=""uncontested-toggle-label"">Uncontested Races</span><span class=""uncontested-toggle-count"">14 races with no opposition</span></span><svg class=""uncontested-chevron"" id=""uncontestedChevron"" width=""16"" height=""16"" viewBox=""0 0 16 16"" fill=""none"" xmlns=""http://www.w3.org/2000/svg""><path d=""M4 6L8 10L12 6"" stroke=""white"" stroke-width=""2"" stroke-linecap=""round"" stroke-linejoin=""round""/></svg></div><div class=""uncontested-body"" id=""uncontestedBody""><div class=""uncontested-row""><div class=""uncontested-race-name"">Treasurer-Tax Collector</div><div class=""uncontested-candidate"">Phonxay Keokham</div><div class=""uncontested-profession"">San Joaquin County Treasurer-Tax Collector</div><div class=""uncontested-badge"">Uncontested</div></div><div class=""uncontested-row""><div class=""uncontested-race-name"">County Auditor-Controller</div><div class=""uncontested-candidate"">Jeffery Woltkamp</div><div class=""uncontested-profession"">San Joaquin County Auditor-Controller</div><div class=""uncontested-badge"">Uncontested</div></div><div class=""uncontested-row""><div class=""uncontested-race-name"">Board of Education Trustee Area 4</div><div class=""uncontested-candidate"">Greg Leland</div><div class=""uncontested-profession"">Retired Principal</div><div class=""uncontested-badge"">Uncontested</div></div><div class=""uncontested-row""><div class=""uncontested-race-name"">Board of Education Trustee Area 3</div><div class=""uncontested-candidate"">Jesus Andrade</div><div class=""uncontested-profession"">San Joaquin County Office of Education, Board Trustee</div><div class=""uncontested-badge"">Uncontested</div></div><div class=""uncontested-row""><div class=""uncontested-race-name"">San Joaquin County Superintendent of Schools</div><div class=""uncontested-candidate"">Troy A. Brown</div><div class=""uncontested-profession"">San Joaquin County Superintendent of Schools</div><div class=""uncontested-badge"">Uncontested</div></div><div class=""uncontested-row""><div class=""uncontested-race-name"">Judge of the Superior Court Office 9</div><div class=""uncontested-candidate"">Gurjit Singh Srai</div><div class=""uncontested-profession"">Appointed Incumbent</div><div class=""uncontested-badge"">Uncontested</div></div><div class=""uncontested-row""><div class=""uncontested-race-name"">Judge of the Superior Court Office 8</div><div class=""uncontested-candidate"">Chrishna Martinez</div><div class=""uncontested-profession"">Superior Court Judge</div><div class=""uncontested-badge"">Uncontested</div></div><div class=""uncontested-row""><div class=""uncontested-race-name"">Judge of the Superior Court Office 7</div><div class=""uncontested-candidate"">Robert T. Waters</div><div class=""uncontested-profession"">Incumbent</div><div class=""uncontested-badge"">Uncontested</div></div><div class=""uncontested-row""><div class=""uncontested-race-name"">Judge of the Superior Court Office 6</div><div class=""uncontested-candidate"">Michael J. Rasmussen</div><div class=""uncontested-profession"">Superior Court Commissioner</div><div class=""uncontested-badge"">Uncontested</div></div><div class=""uncontested-row""><div class=""uncontested-race-name"">Judge of the Superior Court Office 5</div><div class=""uncontested-candidate"">Nicole DeVencenzi</div><div class=""uncontested-profession"">Deputy District Attorney</div><div class=""uncontested-badge"">Uncontested</div></div><div class=""uncontested-row""><div class=""uncontested-race-name"">Judge of the Superior Court Office 4</div><div class=""uncontested-candidate"">Michael J. Mulvihill Jr.</div><div class=""uncontested-profession""></div><div class=""uncontested-badge"">Uncontested</div></div><div class=""uncontested-row""><div class=""uncontested-race-name"">Judge of the Superior Court Office 3</div><div class=""uncontested-candidate"">Adam Ramirez</div><div class=""uncontested-profession"">Judge of the Superior Court</div><div class=""uncontested-badge"">Uncontested</div></div><div class=""uncontested-row""><div class=""uncontested-race-name"">Judge of the Superior Court Office 2</div><div class=""uncontested-candidate"">Sabrina Schneweis-Coe</div><div class=""uncontested-profession"">Superior Court Judge</div><div class=""uncontested-badge"">Uncontested</div></div><div class=""uncontested-row""><div class=""uncontested-race-name"">Judge of the Superior Court Office 1</div><div class=""uncontested-candidate"">Allan F Jose</div><div class=""uncontested-profession"">Superior Court Judge</div><div class=""uncontested-badge"">Uncontested</div></div></div></div><div class=""race-box""><div class=""race-title"">Stockton City Council District 5</div><div class=""preview-candidate-list""><div class=""preview-candidate""><div class=""candidate-party party-na"" data-party=""Party Designation Not Available"">NA</div><div class=""preview-candidate-info""><div class=""preview-candidate-name"">Ruben Harper</div></div></div><div class=""preview-candidate""><div class=""candidate-party party-na"" data-party=""Party Designation Not Available"">NA</div><div class=""preview-candidate-info""><div class=""preview-candidate-name"">Brando Villapudua</div><div class=""preview-candidate-designation"">City Councilmember</div></div></div><div class=""preview-candidate""><div class=""candidate-party party-na"" data-party=""Party Designation Not Available"">NA</div><div class=""preview-candidate-info""><div class=""preview-candidate-name"">Mary Elizabeth</div><div class=""preview-candidate-designation"">Scientist/REHS</div></div></div><div class=""preview-candidate""><div class=""candidate-party party-na"" data-party=""Party Designation Not Available"">NA</div><div class=""preview-candidate-info""><div class=""preview-candidate-name"">Desiree Lynch</div><div class=""preview-candidate-designation"">Post-Surgery Recovery Nurse</div></div></div><div class=""preview-candidate""><div class=""candidate-party party-na"" data-party=""Party Designation Not Available"">NA</div><div class=""preview-candidate-info""><div class=""preview-candidate-name"">Max Beas</div><div class=""preview-candidate-designation"">Small Business Owner</div></div></div></div></div><div class=""race-box""><div class=""race-title"">Stockton City Council District 3</div><div class=""preview-candidate-list""><div class=""preview-candidate""><div class=""candidate-party party-na"" data-party=""Party Designation Not Available"">NA</div><div class=""preview-candidate-info""><div class=""preview-candidate-name"">Joey Veltri</div><div class=""preview-candidate-designation"">Realtor/Business Owner</div></div></div><div class=""preview-candidate""><div class=""candidate-party party-na"" data-party=""Party Designation Not Available"">NA</div><div class=""preview-candidate-info""><div class=""preview-candidate-name"">Michael Blower</div><div class=""preview-candidate-designation"">Councilmember/Business Owner</div></div></div><div class=""preview-candidate""><div class=""candidate-party party-na"" data-party=""Party Designation Not Available"">NA</div><div class=""preview-candidate-info""><div class=""preview-candidate-name"">Stefanie Alfaro</div></div></div><div class=""preview-candidate""><div class=""candidate-party party-na"" data-party=""Party Designation Not Available"">NA</div><div class=""preview-candidate-info""><div class=""preview-candidate-name"">Jessica Toccoli</div><div class=""preview-candidate-designation"">Educator</div></div></div></div></div><div class=""race-box""><div class=""race-title"">Stockton City Council District 1</div><div class=""preview-candidate-list""><div class=""preview-candidate""><div class=""candidate-party party-na"" data-party=""Party Designation Not Available"">NA</div><div class=""preview-candidate-info""><div class=""preview-candidate-name"">Tamica Small</div><div class=""preview-candidate-designation"">Retired Law Enforcement</div></div></div><div class=""preview-candidate""><div class=""candidate-party party-na"" data-party=""Party Designation Not Available"">NA</div><div class=""preview-candidate-info""><div class=""preview-candidate-name"">Michele Padilla</div><div class=""preview-candidate-designation"">Stockton City Councilmember</div></div></div><div class=""preview-candidate""><div class=""candidate-party party-na"" data-party=""Party Designation Not Available"">NA</div><div class=""preview-candidate-info""><div class=""preview-candidate-name"">Lan Nguyen</div></div></div><div class=""preview-candidate""><div class=""candidate-party party-na"" data-party=""Party Designation Not Available"">NA</div><div class=""preview-candidate-info""><div class=""preview-candidate-name"">Annette Sanchez</div><div class=""preview-candidate-designation"">Retired Nonprofit Administrator</div></div></div><div class=""preview-candidate""><div class=""candidate-party party-na"" data-party=""Party Designation Not Available"">NA</div><div class=""preview-candidate-info""><div class=""preview-candidate-name"">Shelly B. Hollis</div></div></div></div></div><div class=""race-box""><div class=""race-title"">Assessor-Recorder-County Clerk</div><div class=""preview-candidate-list""><div class=""preview-candidate""><div class=""candidate-party party-na"" data-party=""Party Designation Not Available"">NA</div><div class=""preview-candidate-info""><div class=""preview-candidate-name"">Steve J. Bestolarides</div><div class=""preview-candidate-designation"">San Joaquin County Assessor-Recorder-County Clerk</div></div></div><div class=""preview-candidate""><div class=""candidate-party party-na"" data-party=""Party Designation Not Available"">NA</div><div class=""preview-candidate-info""><div class=""preview-candidate-name"">Zachary Avelar</div><div class=""preview-candidate-designation"">United States Marine</div></div></div></div></div><div class=""race-box""><div class=""race-title"">San Joaquin County Supervisor District 4</div><div class=""preview-candidate-list""><div class=""preview-candidate""><div class=""candidate-party party-na"" data-party=""Party Designation Not Available"">NA</div><div class=""preview-candidate-info""><div class=""preview-candidate-name"">Steven J. Ding</div><div class=""preview-candidate-designation"">Restaurateur/County Supervisor</div></div></div><div class=""preview-candidate""><div class=""candidate-party party-na"" data-party=""Party Designation Not Available"">NA</div><div class=""preview-candidate-info""><div class=""preview-candidate-name"">Travis Castle</div><div class=""preview-candidate-designation"">Rancher/Paramedic/Businessman</div></div></div></div></div><div class=""race-box""><div class=""race-title"">San Joaquin County Supervisor District 2</div><div class=""preview-candidate-list""><div class=""preview-candidate""><div class=""candidate-party party-na"" data-party=""Party Designation Not Available"">NA</div><div class=""preview-candidate-info""><div class=""preview-candidate-name"">Paul Canepa</div><div class=""preview-candidate-designation"">Incumbent</div></div></div><div class=""preview-candidate""><div class=""candidate-party party-na"" data-party=""Party Designation Not Available"">NA</div><div class=""preview-candidate-info""><div class=""preview-candidate-name"">Lauren Cardinalli</div><div class=""preview-candidate-designation"">Mother/Salesperson/Coach</div></div></div></div></div>
</div>
<script>
document.addEventListener('DOMContentLoaded', function() {
  var _ut = document.getElementById(""uncontestedToggle"");
  var _ub = document.getElementById(""uncontestedBody"");
  var _uc = document.getElementById(""uncontestedChevron"");
  if (_ut) {
    _ut.addEventListener(""click"", function() {
      _ub.classList.toggle(""open"");
      _uc.classList.toggle(""open"");
    });
  }
  var input = document.getElementById(""electionSearch"");
  var noResults = document.getElementById(""noResults"");
  if (!input) return;
  input.value = '';
  function runFilter() {
    var q = input.value.trim().toLowerCase();
    var boxes = document.querySelectorAll("".lnm-ballot-widget .race-box"");
    var visible = 0;
    boxes.forEach(function(box) {
      var show = !q || box.textContent.toLowerCase().indexOf(q) !== -1;
      box.style.display = show ? """" : ""none"";
      if (show) visible++;
    });
    if (noResults) noResults.style.display = (q && visible === 0) ? ""block"" : ""none"";
  }
  input.addEventListener(""input"", runFilter);
});
</script>"
San Mateo,"<style>
  .lnm-ballot-widget, .lnm-ballot-widget *, .lnm-ballot-widget *::before, .lnm-ballot-widget *::after {
    box-sizing: border-box;
  }
  .lnm-ballot-widget {
    font-family: Arial, sans-serif;
    margin: 0;
  }
  .lnm-ballot-widget .race-box {
    background-color: white;
    border: 1px solid #ddd;
    border-radius: 5px;
    margin-bottom: 20px;
    overflow: hidden;
  }
  .lnm-ballot-widget .race-title {
    background-color: #1a3668;
    color: white;
    padding: 10px 14px;
    font-weight: bold;
    font-size: 1em;
  }
  .lnm-ballot-widget .search-wrap { margin-bottom: 16px; position: relative; }
  .lnm-ballot-widget .search-input {
    width: 100%;
    padding: 10px 16px;
    font-size: 15px;
    border: 1px solid #ccc;
    border-radius: 6px;
    background: white;
    outline: none;
    box-shadow: 0 1px 3px rgba(0,0,0,0.08);
  }
  .lnm-ballot-widget .search-input:focus {
    border-color: #1a3668;
    box-shadow: 0 0 0 2px rgba(26,54,104,0.15);
  }
  .lnm-ballot-widget .no-results {
    display: none;
    text-align: center;
    color: #888;
    font-size: 14px;
    padding: 24px 0;
  }
  .lnm-ballot-widget .preview-banner {
    background: #1a3668;
    color: white;
    text-align: center;
    padding: 14px 16px;
    border-radius: 5px;
    margin-bottom: 20px;
  }
  .lnm-ballot-widget .preview-banner-title {
    font-size: 1.15em;
    font-weight: 700;
    letter-spacing: 0.04em;
  }
  .lnm-ballot-widget .preview-banner-sub {
    font-size: 0.85em;
    color: #accf00;
    margin-top: 4px;
    text-transform: uppercase;
    letter-spacing: 0.08em;
  }
  .lnm-ballot-widget .preview-candidate-list { padding: 4px 0; }
  .lnm-ballot-widget .preview-candidate {
    display: flex;
    align-items: flex-start;
    gap: 10px;
    padding: 10px 14px;
    border-top: 1px solid #eee;
  }
  .lnm-ballot-widget .preview-candidate:first-child { border-top: none; }
  .lnm-ballot-widget .preview-candidate-info { display: flex; flex-direction: column; }
  .lnm-ballot-widget .preview-candidate-name {
    font-weight: 700;
    font-size: 0.92em;
    color: #333;
  }
  .lnm-ballot-widget .preview-candidate-designation {
    font-size: 0.82em;
    color: #666;
    margin-top: 2px;
  }
  .lnm-ballot-widget .candidate-party {
    width: 30px; height: 30px;
    border-radius: 50%;
    display: flex; align-items: center; justify-content: center;
    font-size: 11px;
    font-weight: 700;
    flex-shrink: 0;
    position: relative;
    cursor: default;
  }
  .lnm-ballot-widget .candidate-party::after {
    content: attr(data-party);
    position: absolute;
    bottom: calc(100% + 5px);
    left: 0;
    background: rgba(26,54,104,0.92);
    color: white;
    font-size: 11px;
    font-weight: 400;
    white-space: nowrap;
    padding: 4px 9px;
    border-radius: 4px;
    pointer-events: none;
    opacity: 0;
    transition: opacity 0.15s ease;
    z-index: 20;
  }
  .lnm-ballot-widget .candidate-party:hover::after { opacity: 1; }
  .lnm-ballot-widget .party-d { background: #dceef4; color: #1a6e8a; }
  .lnm-ballot-widget .party-r { background: #faeee7; color: #b85c2a; }
  .lnm-ballot-widget .party-i { background: #e8e8e8; color: #666; }
  .lnm-ballot-widget .party-na { background: #e8e8e8; color: #666; font-size: 8px; }
  .lnm-ballot-widget .party-n { background: #e8f0e8; color: #3a6e3a; }
  .lnm-ballot-widget .party-g { background: #e8f0e8; color: #2e7d32; }
  .lnm-ballot-widget .party-l { background: #fff3e0; color: #e65100; }
  .lnm-ballot-widget .party-a { background: #fce4ec; color: #880e4f; }
  .lnm-ballot-widget .party-p { background: #f3e5f5; color: #6a1b9a; }
  .lnm-ballot-widget .preview-measure-list { padding: 4px 0; }
  .lnm-ballot-widget .preview-measure {
    display: flex;
    align-items: flex-start;
    gap: 12px;
    padding: 10px 14px;
    border-top: 1px solid #eee;
  }
  .lnm-ballot-widget .preview-measure:first-child { border-top: none; }
  .lnm-ballot-widget .preview-measure-badge {
    font-size: 0.78em;
    font-weight: 700;
    letter-spacing: 0.06em;
    text-transform: uppercase;
    background: #1a3668;
    color: #accf00;
    padding: 3px 8px;
    border-radius: 4px;
    flex-shrink: 0;
    width: 130px;
    box-sizing: border-box;
    text-align: center;
    margin-top: 1px;
  }
  .lnm-ballot-widget .preview-measure-body { display: flex; flex-direction: column; gap: 4px; }
  .lnm-ballot-widget .preview-measure-jurisdiction {
    font-size: 0.92em;
    font-weight: 700;
    color: #1a3668;
  }
  .lnm-ballot-widget .preview-measure-description {
    font-size: 0.82em;
    color: #555;
    line-height: 1.5;
  }
  .lnm-ballot-widget .uncontested-wrap {
    margin-bottom: 16px;
    border-radius: 5px;
    overflow: hidden;
    border: 1px solid #1a3668;
  }
  .lnm-ballot-widget .uncontested-toggle {
    background-color: #1a3668;
    color: white;
    padding: 10px 16px;
    display: flex;
    justify-content: space-between;
    align-items: center;
    cursor: pointer;
    user-select: none;
  }
  .lnm-ballot-widget .uncontested-toggle-label { font-size: 0.92em; font-weight: 700; letter-spacing: 0.04em; }
  .lnm-ballot-widget .uncontested-toggle-count {
    font-size: 0.82em; color: #accf00; margin-left: 8px;
    font-weight: 400; text-transform: none; letter-spacing: 0;
  }
  .lnm-ballot-widget .uncontested-chevron { transition: transform 0.2s ease; flex-shrink: 0; }
  .lnm-ballot-widget .uncontested-chevron.open { transform: rotate(180deg); }
  .lnm-ballot-widget .uncontested-body { display: none; background: white; }
  .lnm-ballot-widget .uncontested-body.open { display: block; }
  .lnm-ballot-widget .uncontested-row {
    display: flex; align-items: center; justify-content: space-between;
    padding: 10px 16px; border-bottom: 1px solid #f0e68c; gap: 12px;
    background: #fffde7;
  }
  .lnm-ballot-widget .uncontested-row:last-child { border-bottom: none; }
  .lnm-ballot-widget .uncontested-race-name { font-size: 0.88em; font-weight: 700; color: #1a3668; flex: 1; }
  .lnm-ballot-widget .uncontested-candidate { font-size: 0.85em; color: #444; flex: 1; }
  .lnm-ballot-widget .uncontested-profession { font-size: 0.78em; color: #888; flex: 1; font-style: italic; }
  .lnm-ballot-widget .uncontested-badge {
    font-size: 0.72em; font-weight: 700; letter-spacing: 0.05em; text-transform: uppercase;
    background: #f2f7d9; color: #4a6020; border: 1px solid #c8e050;
    padding: 2px 8px; border-radius: 4px; flex-shrink: 0;
  }
</style>
<div class=""lnm-ballot-widget"">
<div class=""preview-banner""><div class=""preview-banner-title"">San Mateo County — June 2, 2026 Primary</div><div class=""preview-banner-sub"">Ballot Preview — Not Election Results</div></div><div class=""search-wrap""><input class=""search-input"" type=""text"" autocomplete=""off"" placeholder=""Search races, candidates, measures…"" id=""electionSearch""></div><div class=""no-results"" id=""noResults"">No results found.</div><div class=""uncontested-wrap"" id=""uncontestedWrap""><div class=""uncontested-toggle"" id=""uncontestedToggle""><span><span class=""uncontested-toggle-label"">Uncontested Races</span><span class=""uncontested-toggle-count"">12 races with no opposition</span></span><svg class=""uncontested-chevron"" id=""uncontestedChevron"" width=""16"" height=""16"" viewBox=""0 0 16 16"" fill=""none"" xmlns=""http://www.w3.org/2000/svg""><path d=""M4 6L8 10L12 6"" stroke=""white"" stroke-width=""2"" stroke-linecap=""round"" stroke-linejoin=""round""/></svg></div><div class=""uncontested-body"" id=""uncontestedBody""><div class=""uncontested-row""><div class=""uncontested-race-name"">Treasurer-Tax Collector</div><div class=""uncontested-candidate"">Sandie Arnott</div><div class=""uncontested-profession"">Treasurer-Tax Collector</div><div class=""uncontested-badge"">Uncontested</div></div><div class=""uncontested-row""><div class=""uncontested-race-name"">Coroner</div><div class=""uncontested-candidate"">Robert J Foucrault</div><div class=""uncontested-profession"">Coroner, County of San Mateo</div><div class=""uncontested-badge"">Uncontested</div></div><div class=""uncontested-row""><div class=""uncontested-race-name"">County Controller</div><div class=""uncontested-candidate"">Juan Raigoza</div><div class=""uncontested-profession"">San Mateo County Controller</div><div class=""uncontested-badge"">Uncontested</div></div><div class=""uncontested-row""><div class=""uncontested-race-name"">Board of Supervisors, District 2</div><div class=""uncontested-candidate"">Noelia Corzo</div><div class=""uncontested-profession"">Incumbent</div><div class=""uncontested-badge"">Uncontested</div></div><div class=""uncontested-row""><div class=""uncontested-race-name"">Judge of the Superior Court, Office No. 9</div><div class=""uncontested-candidate"">Rosendo Padilla</div><div class=""uncontested-profession"">NA</div><div class=""uncontested-badge"">Uncontested</div></div><div class=""uncontested-row""><div class=""uncontested-race-name"">Judge of the Superior Court, Office No. 8</div><div class=""uncontested-candidate"">Mark Alan McCannon</div><div class=""uncontested-profession"">Incumbent</div><div class=""uncontested-badge"">Uncontested</div></div><div class=""uncontested-row""><div class=""uncontested-race-name"">Judge of the Superior Court, Office No. 7</div><div class=""uncontested-candidate"">Amarra A. Lee</div><div class=""uncontested-profession"">Incumbent</div><div class=""uncontested-badge"">Uncontested</div></div><div class=""uncontested-row""><div class=""uncontested-race-name"">Judge of the Superior Court, Office No. 6</div><div class=""uncontested-candidate"">Susan M. Jakubowski</div><div class=""uncontested-profession"">Incumbent</div><div class=""uncontested-badge"">Uncontested</div></div><div class=""uncontested-row""><div class=""uncontested-race-name"">Judge of the Superior Court, Office No. 5</div><div class=""uncontested-candidate"">Elizabeth M. Hill</div><div class=""uncontested-profession"">Incumbent</div><div class=""uncontested-badge"">Uncontested</div></div><div class=""uncontested-row""><div class=""uncontested-race-name"">Judge of the Superior Court, Office No. 3</div><div class=""uncontested-candidate"">Stephanie Garratt</div><div class=""uncontested-profession"">Incumbent</div><div class=""uncontested-badge"">Uncontested</div></div><div class=""uncontested-row""><div class=""uncontested-race-name"">Judge of the Superior Court, Office No. 2</div><div class=""uncontested-candidate"">Don Franchi</div><div class=""uncontested-profession"">Superior Court Judge</div><div class=""uncontested-badge"">Uncontested</div></div><div class=""uncontested-row""><div class=""uncontested-race-name"">Judge of the Superior Court, Office No. 1</div><div class=""uncontested-candidate"">Nancy L. Fineman</div><div class=""uncontested-profession"">Incumbent</div><div class=""uncontested-badge"">Uncontested</div></div></div></div><div class=""race-box""><div class=""race-title"">Assessor-County Clerk-Recorder</div><div class=""preview-candidate-list""><div class=""preview-candidate""><div class=""candidate-party party-na"" data-party=""Party Designation Not Available"">NA</div><div class=""preview-candidate-info""><div class=""preview-candidate-name"">David Canepa</div><div class=""preview-candidate-designation"">San Mateo County Supervisor</div></div></div><div class=""preview-candidate""><div class=""candidate-party party-na"" data-party=""Party Designation Not Available"">NA</div><div class=""preview-candidate-info""><div class=""preview-candidate-name"">Jim Irizarry</div><div class=""preview-candidate-designation"">Assistant Assessor County of San Mateo</div></div></div></div></div><div class=""race-box""><div class=""race-title"">Member, Board of Supervisors, District 3</div><div class=""preview-candidate-list""><div class=""preview-candidate""><div class=""candidate-party party-na"" data-party=""Party Designation Not Available"">NA</div><div class=""preview-candidate-info""><div class=""preview-candidate-name"">Joaquin Jiménez</div><div class=""preview-candidate-designation"">Community Organizer</div></div></div><div class=""preview-candidate""><div class=""candidate-party party-na"" data-party=""Party Designation Not Available"">NA</div><div class=""preview-candidate-info""><div class=""preview-candidate-name"">Ray Mueller</div><div class=""preview-candidate-designation"">San Mateo County Supervisor / Educator</div></div></div></div></div><div class=""race-box""><div class=""race-title"">County Superintendent of Schools</div><div class=""preview-candidate-list""><div class=""preview-candidate""><div class=""candidate-party party-na"" data-party=""Party Designation Not Available"">NA</div><div class=""preview-candidate-info""><div class=""preview-candidate-name"">Chelsea Bonini</div><div class=""preview-candidate-designation"">Teacher / Attorney / Trustee</div></div></div><div class=""preview-candidate""><div class=""candidate-party party-na"" data-party=""Party Designation Not Available"">NA</div><div class=""preview-candidate-info""><div class=""preview-candidate-name"">Héctor Camacho Jr</div><div class=""preview-candidate-designation"">Teacher / Executive Director</div></div></div></div></div><div class=""race-box""><div class=""race-title"">Judge of the Superior Court, Office No. 4</div><div class=""preview-candidate-list""><div class=""preview-candidate""><div class=""candidate-party party-na"" data-party=""Party Designation Not Available"">NA</div><div class=""preview-candidate-info""><div class=""preview-candidate-name"">Brian Donnellan</div><div class=""preview-candidate-designation"">County of San Mateo Deputy District Attorney</div></div></div><div class=""preview-candidate""><div class=""candidate-party party-na"" data-party=""Party Designation Not Available"">NA</div><div class=""preview-candidate-info""><div class=""preview-candidate-name"">Jay Boyarsky</div><div class=""preview-candidate-designation"">Chief Deputy District Attorney County of Santa Clara</div></div></div></div></div><div class=""race-box""><div class=""race-title"">Measures on the Ballot</div><div class=""preview-measure-list""><div class=""preview-measure""><div class=""preview-measure-badge"">Measure A</div><div class=""preview-measure-body""><div class=""preview-measure-jurisdiction"">Ravenswood City School District</div><div class=""preview-measure-description"">Bond measure requiring 55% voter approval to fund school facilities and improvements</div></div></div><div class=""preview-measure""><div class=""preview-measure-badge"">Measure B</div><div class=""preview-measure-body""><div class=""preview-measure-jurisdiction"">Brisbane School District</div><div class=""preview-measure-description"">Parcel tax requiring 2/3 voter approval</div></div></div><div class=""preview-measure""><div class=""preview-measure-badge"">Measure C</div><div class=""preview-measure-body""><div class=""preview-measure-jurisdiction"">Redwood City Elementary School District</div><div class=""preview-measure-description"">Parcel tax requiring 2/3 voter approval</div></div></div></div></div>
</div>
<script>
document.addEventListener('DOMContentLoaded', function() {
  var _ut = document.getElementById(""uncontestedToggle"");
  var _ub = document.getElementById(""uncontestedBody"");
  var _uc = document.getElementById(""uncontestedChevron"");
  if (_ut) {
    _ut.addEventListener(""click"", function() {
      _ub.classList.toggle(""open"");
      _uc.classList.toggle(""open"");
    });
  }
  var input = document.getElementById(""electionSearch"");
  var noResults = document.getElementById(""noResults"");
  if (!input) return;
  input.value = '';
  function runFilter() {
    var q = input.value.trim().toLowerCase();
    var boxes = document.querySelectorAll("".lnm-ballot-widget .race-box"");
    var visible = 0;
    boxes.forEach(function(box) {
      var show = !q || box.textContent.toLowerCase().indexOf(q) !== -1;
      box.style.display = show ? """" : ""none"";
      if (show) visible++;
    });
    if (noResults) noResults.style.display = (q && visible === 0) ? ""block"" : ""none"";
  }
  input.addEventListener(""input"", runFilter);
});
</script>"
Santa Clara,"<style>
  .lnm-ballot-widget, .lnm-ballot-widget *, .lnm-ballot-widget *::before, .lnm-ballot-widget *::after {
    box-sizing: border-box;
  }
  .lnm-ballot-widget {
    font-family: Arial, sans-serif;
    margin: 0;
  }
  .lnm-ballot-widget .race-box {
    background-color: white;
    border: 1px solid #ddd;
    border-radius: 5px;
    margin-bottom: 20px;
    overflow: hidden;
  }
  .lnm-ballot-widget .race-title {
    background-color: #1a3668;
    color: white;
    padding: 10px 14px;
    font-weight: bold;
    font-size: 1em;
  }
  .lnm-ballot-widget .search-wrap { margin-bottom: 16px; position: relative; }
  .lnm-ballot-widget .search-input {
    width: 100%;
    padding: 10px 16px;
    font-size: 15px;
    border: 1px solid #ccc;
    border-radius: 6px;
    background: white;
    outline: none;
    box-shadow: 0 1px 3px rgba(0,0,0,0.08);
  }
  .lnm-ballot-widget .search-input:focus {
    border-color: #1a3668;
    box-shadow: 0 0 0 2px rgba(26,54,104,0.15);
  }
  .lnm-ballot-widget .no-results {
    display: none;
    text-align: center;
    color: #888;
    font-size: 14px;
    padding: 24px 0;
  }
  .lnm-ballot-widget .preview-banner {
    background: #1a3668;
    color: white;
    text-align: center;
    padding: 14px 16px;
    border-radius: 5px;
    margin-bottom: 20px;
  }
  .lnm-ballot-widget .preview-banner-title {
    font-size: 1.15em;
    font-weight: 700;
    letter-spacing: 0.04em;
  }
  .lnm-ballot-widget .preview-banner-sub {
    font-size: 0.85em;
    color: #accf00;
    margin-top: 4px;
    text-transform: uppercase;
    letter-spacing: 0.08em;
  }
  .lnm-ballot-widget .preview-candidate-list { padding: 4px 0; }
  .lnm-ballot-widget .preview-candidate {
    display: flex;
    align-items: flex-start;
    gap: 10px;
    padding: 10px 14px;
    border-top: 1px solid #eee;
  }
  .lnm-ballot-widget .preview-candidate:first-child { border-top: none; }
  .lnm-ballot-widget .preview-candidate-info { display: flex; flex-direction: column; }
  .lnm-ballot-widget .preview-candidate-name {
    font-weight: 700;
    font-size: 0.92em;
    color: #333;
  }
  .lnm-ballot-widget .preview-candidate-designation {
    font-size: 0.82em;
    color: #666;
    margin-top: 2px;
  }
  .lnm-ballot-widget .candidate-party {
    width: 30px; height: 30px;
    border-radius: 50%;
    display: flex; align-items: center; justify-content: center;
    font-size: 11px;
    font-weight: 700;
    flex-shrink: 0;
    position: relative;
    cursor: default;
  }
  .lnm-ballot-widget .candidate-party::after {
    content: attr(data-party);
    position: absolute;
    bottom: calc(100% + 5px);
    left: 0;
    background: rgba(26,54,104,0.92);
    color: white;
    font-size: 11px;
    font-weight: 400;
    white-space: nowrap;
    padding: 4px 9px;
    border-radius: 4px;
    pointer-events: none;
    opacity: 0;
    transition: opacity 0.15s ease;
    z-index: 20;
  }
  .lnm-ballot-widget .candidate-party:hover::after { opacity: 1; }
  .lnm-ballot-widget .party-d { background: #dceef4; color: #1a6e8a; }
  .lnm-ballot-widget .party-r { background: #faeee7; color: #b85c2a; }
  .lnm-ballot-widget .party-i { background: #e8e8e8; color: #666; }
  .lnm-ballot-widget .party-na { background: #e8e8e8; color: #666; font-size: 8px; }
  .lnm-ballot-widget .party-n { background: #e8f0e8; color: #3a6e3a; }
  .lnm-ballot-widget .party-g { background: #e8f0e8; color: #2e7d32; }
  .lnm-ballot-widget .party-l { background: #fff3e0; color: #e65100; }
  .lnm-ballot-widget .party-a { background: #fce4ec; color: #880e4f; }
  .lnm-ballot-widget .party-p { background: #f3e5f5; color: #6a1b9a; }
  .lnm-ballot-widget .preview-measure-list { padding: 4px 0; }
  .lnm-ballot-widget .preview-measure {
    display: flex;
    align-items: flex-start;
    gap: 12px;
    padding: 10px 14px;
    border-top: 1px solid #eee;
  }
  .lnm-ballot-widget .preview-measure:first-child { border-top: none; }
  .lnm-ballot-widget .preview-measure-badge {
    font-size: 0.78em;
    font-weight: 700;
    letter-spacing: 0.06em;
    text-transform: uppercase;
    background: #1a3668;
    color: #accf00;
    padding: 3px 8px;
    border-radius: 4px;
    flex-shrink: 0;
    width: 130px;
    box-sizing: border-box;
    text-align: center;
    margin-top: 1px;
  }
  .lnm-ballot-widget .preview-measure-body { display: flex; flex-direction: column; gap: 4px; }
  .lnm-ballot-widget .preview-measure-jurisdiction {
    font-size: 0.92em;
    font-weight: 700;
    color: #1a3668;
  }
  .lnm-ballot-widget .preview-measure-description {
    font-size: 0.82em;
    color: #555;
    line-height: 1.5;
  }
  .lnm-ballot-widget .uncontested-wrap {
    margin-bottom: 16px;
    border-radius: 5px;
    overflow: hidden;
    border: 1px solid #1a3668;
  }
  .lnm-ballot-widget .uncontested-toggle {
    background-color: #1a3668;
    color: white;
    padding: 10px 16px;
    display: flex;
    justify-content: space-between;
    align-items: center;
    cursor: pointer;
    user-select: none;
  }
  .lnm-ballot-widget .uncontested-toggle-label { font-size: 0.92em; font-weight: 700; letter-spacing: 0.04em; }
  .lnm-ballot-widget .uncontested-toggle-count {
    font-size: 0.82em; color: #accf00; margin-left: 8px;
    font-weight: 400; text-transform: none; letter-spacing: 0;
  }
  .lnm-ballot-widget .uncontested-chevron { transition: transform 0.2s ease; flex-shrink: 0; }
  .lnm-ballot-widget .uncontested-chevron.open { transform: rotate(180deg); }
  .lnm-ballot-widget .uncontested-body { display: none; background: white; }
  .lnm-ballot-widget .uncontested-body.open { display: block; }
  .lnm-ballot-widget .uncontested-row {
    display: flex; align-items: center; justify-content: space-between;
    padding: 10px 16px; border-bottom: 1px solid #f0e68c; gap: 12px;
    background: #fffde7;
  }
  .lnm-ballot-widget .uncontested-row:last-child { border-bottom: none; }
  .lnm-ballot-widget .uncontested-race-name { font-size: 0.88em; font-weight: 700; color: #1a3668; flex: 1; }
  .lnm-ballot-widget .uncontested-candidate { font-size: 0.85em; color: #444; flex: 1; }
  .lnm-ballot-widget .uncontested-profession { font-size: 0.78em; color: #888; flex: 1; font-style: italic; }
  .lnm-ballot-widget .uncontested-badge {
    font-size: 0.72em; font-weight: 700; letter-spacing: 0.05em; text-transform: uppercase;
    background: #f2f7d9; color: #4a6020; border: 1px solid #c8e050;
    padding: 2px 8px; border-radius: 4px; flex-shrink: 0;
  }
</style>
<div class=""lnm-ballot-widget"">
<div class=""preview-banner""><div class=""preview-banner-title"">Santa Clara County — June 2, 2026 Primary</div><div class=""preview-banner-sub"">Ballot Preview — Not Election Results</div></div><div class=""search-wrap""><input class=""search-input"" type=""text"" autocomplete=""off"" placeholder=""Search races, candidates, measures…"" id=""electionSearch""></div><div class=""no-results"" id=""noResults"">No results found.</div><div class=""uncontested-wrap"" id=""uncontestedWrap""><div class=""uncontested-toggle"" id=""uncontestedToggle""><span><span class=""uncontested-toggle-label"">Uncontested Races</span><span class=""uncontested-toggle-count"">33 races with no opposition</span></span><svg class=""uncontested-chevron"" id=""uncontestedChevron"" width=""16"" height=""16"" viewBox=""0 0 16 16"" fill=""none"" xmlns=""http://www.w3.org/2000/svg""><path d=""M4 6L8 10L12 6"" stroke=""white"" stroke-width=""2"" stroke-linecap=""round"" stroke-linejoin=""round""/></svg></div><div class=""uncontested-body"" id=""uncontestedBody""><div class=""uncontested-row""><div class=""uncontested-race-name"">Board of Supervisors, District 4</div><div class=""uncontested-candidate"">Susan Ellenberg</div><div class=""uncontested-profession"">County Supervisor</div><div class=""uncontested-badge"">Uncontested</div></div><div class=""uncontested-row""><div class=""uncontested-race-name"">Assessor</div><div class=""uncontested-candidate"">Neysa Fligor</div><div class=""uncontested-profession"">Incumbent</div><div class=""uncontested-badge"">Uncontested</div></div><div class=""uncontested-row""><div class=""uncontested-race-name"">Sheriff</div><div class=""uncontested-candidate"">Robert Jonsen</div><div class=""uncontested-profession"">Incumbent</div><div class=""uncontested-badge"">Uncontested</div></div><div class=""uncontested-row""><div class=""uncontested-race-name"">City of San José Council, District 1</div><div class=""uncontested-candidate"">Rosemary Kamei</div><div class=""uncontested-profession"">Councilmember, City Of San Jose, District 1</div><div class=""uncontested-badge"">Uncontested</div></div><div class=""uncontested-row""><div class=""uncontested-race-name"">City of San José Council, District 3</div><div class=""uncontested-candidate"">Anthony Tordillos</div><div class=""uncontested-profession"">Councilmember, City of San José, District 3</div><div class=""uncontested-badge"">Uncontested</div></div><div class=""uncontested-row""><div class=""uncontested-race-name"">Judge of the Superior Court, Office No. 1</div><div class=""uncontested-candidate"">Charles Fred Adams</div><div class=""uncontested-profession"">Judge of Superior Court</div><div class=""uncontested-badge"">Uncontested</div></div><div class=""uncontested-row""><div class=""uncontested-race-name"">Judge of the Superior Court, Office No. 2</div><div class=""uncontested-candidate"">David A. Cena</div><div class=""uncontested-profession"">Superior Court Judge</div><div class=""uncontested-badge"">Uncontested</div></div><div class=""uncontested-row""><div class=""uncontested-race-name"">Judge of the Superior Court, Office No. 3</div><div class=""uncontested-candidate"">Cynthia F. Chen</div><div class=""uncontested-profession"">Superior Court Judge</div><div class=""uncontested-badge"">Uncontested</div></div><div class=""uncontested-row""><div class=""uncontested-race-name"">Judge of the Superior Court, Office No. 4</div><div class=""uncontested-candidate"">Frederick Sukjong Chung</div><div class=""uncontested-profession"">Superior Court Judge</div><div class=""uncontested-badge"">Uncontested</div></div><div class=""uncontested-row""><div class=""uncontested-race-name"">Judge of the Superior Court, Office No. 5</div><div class=""uncontested-candidate"">Le Jacqueline Duong</div><div class=""uncontested-profession"">Judge of the Superior Court</div><div class=""uncontested-badge"">Uncontested</div></div><div class=""uncontested-row""><div class=""uncontested-race-name"">Judge of the Superior Court, Office No. 6</div><div class=""uncontested-candidate"">Jeffrey Bard El-Hajj</div><div class=""uncontested-profession"">Superior Court Judge</div><div class=""uncontested-badge"">Uncontested</div></div><div class=""uncontested-row""><div class=""uncontested-race-name"">Judge of the Superior Court, Office No. 7</div><div class=""uncontested-candidate"">Mattia M. Corsiglia</div><div class=""uncontested-profession"">Deputy District Attorney</div><div class=""uncontested-badge"">Uncontested</div></div><div class=""uncontested-row""><div class=""uncontested-race-name"">Judge of the Superior Court, Office No. 8</div><div class=""uncontested-candidate"">Matthew S. Harris</div><div class=""uncontested-profession"">Superior Court Judge</div><div class=""uncontested-badge"">Uncontested</div></div><div class=""uncontested-row""><div class=""uncontested-race-name"">Judge of the Superior Court, Office No. 9</div><div class=""uncontested-candidate"">Robert B. Hawk</div><div class=""uncontested-profession"">Superior Court Judge</div><div class=""uncontested-badge"">Uncontested</div></div><div class=""uncontested-row""><div class=""uncontested-race-name"">Judge of the Superior Court, Office No. 10</div><div class=""uncontested-candidate"">Jon A. Heaberlin</div><div class=""uncontested-profession"">Superior Court Judge</div><div class=""uncontested-badge"">Uncontested</div></div><div class=""uncontested-row""><div class=""uncontested-race-name"">Judge of the Superior Court, Office No. 11</div><div class=""uncontested-candidate"">Audra Soriano Ibarra</div><div class=""uncontested-profession"">Judge of Superior Court</div><div class=""uncontested-badge"">Uncontested</div></div><div class=""uncontested-row""><div class=""uncontested-race-name"">Judge of the Superior Court, Office No. 12</div><div class=""uncontested-candidate"">Nicole Isger</div><div class=""uncontested-profession"">Superior Court Judge</div><div class=""uncontested-badge"">Uncontested</div></div><div class=""uncontested-row""><div class=""uncontested-race-name"">Judge of the Superior Court, Office No. 13</div><div class=""uncontested-candidate"">Erik Steven Johnson</div><div class=""uncontested-profession"">Judge of the Superior Court</div><div class=""uncontested-badge"">Uncontested</div></div><div class=""uncontested-row""><div class=""uncontested-race-name"">Judge of the Superior Court, Office No. 14</div><div class=""uncontested-candidate"">Eunice Lee</div><div class=""uncontested-profession"">Superior Court Judge</div><div class=""uncontested-badge"">Uncontested</div></div><div class=""uncontested-row""><div class=""uncontested-race-name"">Judge of the Superior Court, Office No. 15</div><div class=""uncontested-candidate"">Elizabeth Manassau</div><div class=""uncontested-profession"">Superior Court Judge</div><div class=""uncontested-badge"">Uncontested</div></div><div class=""uncontested-row""><div class=""uncontested-race-name"">Judge of the Superior Court, Office No. 16</div><div class=""uncontested-candidate"">Stephen Manley</div><div class=""uncontested-profession"">Judge of the Superior Court</div><div class=""uncontested-badge"">Uncontested</div></div><div class=""uncontested-row""><div class=""uncontested-race-name"">Judge of the Superior Court, Office No. 17</div><div class=""uncontested-candidate"">Ann Vernice Huntley</div><div class=""uncontested-profession"">Deputy District Attorney</div><div class=""uncontested-badge"">Uncontested</div></div><div class=""uncontested-row""><div class=""uncontested-race-name"">Judge of the Superior Court, Office No. 18</div><div class=""uncontested-candidate"">Vincent Ian Parrett</div><div class=""uncontested-profession"">Superior Court Judge</div><div class=""uncontested-badge"">Uncontested</div></div><div class=""uncontested-row""><div class=""uncontested-race-name"">Judge of the Superior Court, Office No. 19</div><div class=""uncontested-candidate"">Evette D. Pennypacker</div><div class=""uncontested-profession"">Superior Court Judge</div><div class=""uncontested-badge"">Uncontested</div></div><div class=""uncontested-row""><div class=""uncontested-race-name"">Judge of the Superior Court, Office No. 20</div><div class=""uncontested-candidate"">Meghan Piano</div><div class=""uncontested-profession"">Superior Court Judge</div><div class=""uncontested-badge"">Uncontested</div></div><div class=""uncontested-row""><div class=""uncontested-race-name"">Judge of the Superior Court, Office No. 21</div><div class=""uncontested-candidate"">Matthew Pritchard</div><div class=""uncontested-profession"">Superior Court Judge</div><div class=""uncontested-badge"">Uncontested</div></div><div class=""uncontested-row""><div class=""uncontested-race-name"">Judge of the Superior Court, Office No. 22</div><div class=""uncontested-candidate"">Luis Miguel Ramos</div><div class=""uncontested-profession"">Superior Court Judge</div><div class=""uncontested-badge"">Uncontested</div></div><div class=""uncontested-row""><div class=""uncontested-race-name"">Judge of the Superior Court, Office No. 23</div><div class=""uncontested-candidate"">Amber Rosen</div><div class=""uncontested-profession"">Superior Court Judge</div><div class=""uncontested-badge"">Uncontested</div></div><div class=""uncontested-row""><div class=""uncontested-race-name"">Judge of the Superior Court, Office No. 24</div><div class=""uncontested-candidate"">Panteha E. Saban</div><div class=""uncontested-profession"">Superior Court Judge</div><div class=""uncontested-badge"">Uncontested</div></div><div class=""uncontested-row""><div class=""uncontested-race-name"">Judge of the Superior Court, Office No. 25</div><div class=""uncontested-candidate"">Shawna Schwarz</div><div class=""uncontested-profession"">Superior Court Judge</div><div class=""uncontested-badge"">Uncontested</div></div><div class=""uncontested-row""><div class=""uncontested-race-name"">Judge of the Superior Court, Office No. 26</div><div class=""uncontested-candidate"">Stuart J. Scott</div><div class=""uncontested-profession"">Superior Court Judge</div><div class=""uncontested-badge"">Uncontested</div></div><div class=""uncontested-row""><div class=""uncontested-race-name"">Judge of the Superior Court, Office No. 27</div><div class=""uncontested-candidate"">Christopher Van Meir</div><div class=""uncontested-profession"">Superior Court Judge</div><div class=""uncontested-badge"">Uncontested</div></div><div class=""uncontested-row""><div class=""uncontested-race-name"">Judge of the Superior Court, Office No. 28</div><div class=""uncontested-candidate"">Helen Elizabeth Williams</div><div class=""uncontested-profession"">Incumbent</div><div class=""uncontested-badge"">Uncontested</div></div></div></div><div class=""race-box""><div class=""race-title"">Board of Supervisors, District 1</div><div class=""preview-candidate-list""><div class=""preview-candidate""><div class=""candidate-party party-na"" data-party=""Party Designation Not Available"">NA</div><div class=""preview-candidate-info""><div class=""preview-candidate-name"">Rebecca Munson</div><div class=""preview-candidate-designation"">Educator/Board Member</div></div></div><div class=""preview-candidate""><div class=""candidate-party party-na"" data-party=""Party Designation Not Available"">NA</div><div class=""preview-candidate-info""><div class=""preview-candidate-name"">Sylvia Arenas</div><div class=""preview-candidate-designation"">Santa Clara County Supervisor</div></div></div></div></div><div class=""race-box""><div class=""race-title"">District Attorney</div><div class=""preview-candidate-list""><div class=""preview-candidate""><div class=""candidate-party party-na"" data-party=""Party Designation Not Available"">NA</div><div class=""preview-candidate-info""><div class=""preview-candidate-name"">Jeff Rosen</div><div class=""preview-candidate-designation"">Santa Clara County District Attorney</div></div></div><div class=""preview-candidate""><div class=""candidate-party party-na"" data-party=""Party Designation Not Available"">NA</div><div class=""preview-candidate-info""><div class=""preview-candidate-name"">Daniel Chung</div><div class=""preview-candidate-designation"">Deputy District Attorney</div></div></div></div></div><div class=""race-box""><div class=""race-title"">City of San José Council, District 5</div><div class=""preview-candidate-list""><div class=""preview-candidate""><div class=""candidate-party party-na"" data-party=""Party Designation Not Available"">NA</div><div class=""preview-candidate-info""><div class=""preview-candidate-name"">Karen Martínez</div><div class=""preview-candidate-designation"">Governing Board Member</div></div></div><div class=""preview-candidate""><div class=""candidate-party party-na"" data-party=""Party Designation Not Available"">NA</div><div class=""preview-candidate-info""><div class=""preview-candidate-name"">Vy Dang</div><div class=""preview-candidate-designation"">Small Business Owner</div></div></div><div class=""preview-candidate""><div class=""candidate-party party-na"" data-party=""Party Designation Not Available"">NA</div><div class=""preview-candidate-info""><div class=""preview-candidate-name"">Nora Campos</div><div class=""preview-candidate-designation"">Businesswoman/Policy Analyst</div></div></div><div class=""preview-candidate""><div class=""candidate-party party-na"" data-party=""Party Designation Not Available"">NA</div><div class=""preview-candidate-info""><div class=""preview-candidate-name"">Peter Ortiz</div><div class=""preview-candidate-designation"">Councilmember, City Of San Jose, District 5</div></div></div></div></div><div class=""race-box""><div class=""race-title"">City of San José Council, District 7</div><div class=""preview-candidate-list""><div class=""preview-candidate""><div class=""candidate-party party-na"" data-party=""Party Designation Not Available"">NA</div><div class=""preview-candidate-info""><div class=""preview-candidate-name"">Van Le</div><div class=""preview-candidate-designation"">Trustee East Side Union High School District</div></div></div><div class=""preview-candidate""><div class=""candidate-party party-na"" data-party=""Party Designation Not Available"">NA</div><div class=""preview-candidate-info""><div class=""preview-candidate-name"">Bien Doan</div><div class=""preview-candidate-designation"">Council Member, City of San Jose, District 7</div></div></div><div class=""preview-candidate""><div class=""candidate-party party-na"" data-party=""Party Designation Not Available"">NA</div><div class=""preview-candidate-info""><div class=""preview-candidate-name"">HG Hanh-Giao Nguyen</div><div class=""preview-candidate-designation"">Public Affairs Director</div></div></div><div class=""preview-candidate""><div class=""candidate-party party-na"" data-party=""Party Designation Not Available"">NA</div><div class=""preview-candidate-info""><div class=""preview-candidate-name"">Rafael García</div><div class=""preview-candidate-designation"">Union Electrician</div></div></div></div></div><div class=""race-box""><div class=""race-title"">City of San José Council, District 9</div><div class=""preview-candidate-list""><div class=""preview-candidate""><div class=""candidate-party party-na"" data-party=""Party Designation Not Available"">NA</div><div class=""preview-candidate-info""><div class=""preview-candidate-name"">Mike Hennessy</div><div class=""preview-candidate-designation"">Business Owner/Instructor</div></div></div><div class=""preview-candidate""><div class=""candidate-party party-na"" data-party=""Party Designation Not Available"">NA</div><div class=""preview-candidate-info""><div class=""preview-candidate-name"">Scott Hughes</div><div class=""preview-candidate-designation"">Chief of Staff</div></div></div><div class=""preview-candidate""><div class=""candidate-party party-na"" data-party=""Party Designation Not Available"">NA</div><div class=""preview-candidate-info""><div class=""preview-candidate-name"">Gordon Chester</div><div class=""preview-candidate-designation"">City of San Jose Infrastructure Engineer</div></div></div><div class=""preview-candidate""><div class=""candidate-party party-na"" data-party=""Party Designation Not Available"">NA</div><div class=""preview-candidate-info""><div class=""preview-candidate-name"">Rick Ator</div><div class=""preview-candidate-designation"">Product Manager</div></div></div><div class=""preview-candidate""><div class=""candidate-party party-na"" data-party=""Party Designation Not Available"">NA</div><div class=""preview-candidate-info""><div class=""preview-candidate-name"">Genny Altwer</div><div class=""preview-candidate-designation"">Business Owner/Mother</div></div></div></div></div><div class=""race-box""><div class=""race-title"">Measures on the Ballot</div><div class=""preview-measure-list""><div class=""preview-measure""><div class=""preview-measure-badge"">Measure A</div><div class=""preview-measure-body""><div class=""preview-measure-jurisdiction"">City of San Jose</div><div class=""preview-measure-description"">To fund essential city services including police and fire emergency response; address homeless encampments impacting parks, neighborhoods, and waterways; remove trash, illegal dumping, and graffiti; and maintain trails, playgrounds, recreational facilities, and park restrooms, shall an ordinance be adopted increasing the general fund transient occupancy (hotel) tax from 4% to 6%, generating approximately $10 million annually, and paid by hotel/motel guests, until repealed by voters?</div></div></div><div class=""preview-measure""><div class=""preview-measure-badge"">Measure B</div><div class=""preview-measure-body""><div class=""preview-measure-jurisdiction"">Palo Alto Unified School District</div><div class=""preview-measure-description"">To renew local school funding for advanced programs in science, technology, math, engineering, reading, and writing that can't be taken by the State; attract and retain highly qualified teachers; and support at-risk students; shall Palo Alto Unified School District's measure be adopted, renewing the expiring school parcel tax at a reduced rate ($800 per parcel) for four years, with senior exemptions, independent citizen oversight, and with all funds (approximately $14.6 million annually) benefiting local students?</div></div></div><div class=""preview-measure""><div class=""preview-measure-badge"">Measure C</div><div class=""preview-measure-body""><div class=""preview-measure-jurisdiction"">Franklin-McKinley School District</div><div class=""preview-measure-description"">To improve the quality of education; replace leaky roofs; make health, safety and security improvements; replace outdated HVAC systems; and modernize/construct classrooms, restrooms and school facilities; shall Franklin-McKinley School District's measure be adopted authorizing $142,000,000 of bonds at legal rates, generating on average $8,000,000 annually while bonds are outstanding at a rate of approximately $30 per $100,000 assessed value, with annual audits, independent citizens' oversight committee, and no money taken by the State?</div></div></div><div class=""preview-measure""><div class=""preview-measure-badge"">Measure D</div><div class=""preview-measure-body""><div class=""preview-measure-jurisdiction"">Santa Clara Valley Open Space Authority</div><div class=""preview-measure-description"">To restore and protect natural open spaces and waterways by: managing land and creeks to reduce wildfires, floods, and water pollution; expanding trails; preserving family farms; reducing illegal activity in open spaces; shall Santa Clara Valley Open Space Authority's measure levying an annual parcel tax of $0.02 per square foot of building area, generating approximately $17,000,000 annually until ended by voters, with audits, citizen oversight, exemptions for seniors and special low-income owners, and all funds spent locally, be adopted?</div></div></div></div></div>
</div>
<script>
document.addEventListener('DOMContentLoaded', function() {
  var _ut = document.getElementById(""uncontestedToggle"");
  var _ub = document.getElementById(""uncontestedBody"");
  var _uc = document.getElementById(""uncontestedChevron"");
  if (_ut) {
    _ut.addEventListener(""click"", function() {
      _ub.classList.toggle(""open"");
      _uc.classList.toggle(""open"");
    });
  }
  var input = document.getElementById(""electionSearch"");
  var noResults = document.getElementById(""noResults"");
  if (!input) return;
  input.value = '';
  function runFilter() {
    var q = input.value.trim().toLowerCase();
    var boxes = document.querySelectorAll("".lnm-ballot-widget .race-box"");
    var visible = 0;
    boxes.forEach(function(box) {
      var show = !q || box.textContent.toLowerCase().indexOf(q) !== -1;
      box.style.display = show ? """" : ""none"";
      if (show) visible++;
    });
    if (noResults) noResults.style.display = (q && visible === 0) ? ""block"" : ""none"";
  }
  input.addEventListener(""input"", runFilter);
});
</script>"
Santa Cruz,"<style>
  .lnm-ballot-widget, .lnm-ballot-widget *, .lnm-ballot-widget *::before, .lnm-ballot-widget *::after {
    box-sizing: border-box;
  }
  .lnm-ballot-widget {
    font-family: Arial, sans-serif;
    margin: 0;
  }
  .lnm-ballot-widget .race-box {
    background-color: white;
    border: 1px solid #ddd;
    border-radius: 5px;
    margin-bottom: 20px;
    overflow: hidden;
  }
  .lnm-ballot-widget .race-title {
    background-color: #1a3668;
    color: white;
    padding: 10px 14px;
    font-weight: bold;
    font-size: 1em;
  }
  .lnm-ballot-widget .search-wrap { margin-bottom: 16px; position: relative; }
  .lnm-ballot-widget .search-input {
    width: 100%;
    padding: 10px 16px;
    font-size: 15px;
    border: 1px solid #ccc;
    border-radius: 6px;
    background: white;
    outline: none;
    box-shadow: 0 1px 3px rgba(0,0,0,0.08);
  }
  .lnm-ballot-widget .search-input:focus {
    border-color: #1a3668;
    box-shadow: 0 0 0 2px rgba(26,54,104,0.15);
  }
  .lnm-ballot-widget .no-results {
    display: none;
    text-align: center;
    color: #888;
    font-size: 14px;
    padding: 24px 0;
  }
  .lnm-ballot-widget .preview-banner {
    background: #1a3668;
    color: white;
    text-align: center;
    padding: 14px 16px;
    border-radius: 5px;
    margin-bottom: 20px;
  }
  .lnm-ballot-widget .preview-banner-title {
    font-size: 1.15em;
    font-weight: 700;
    letter-spacing: 0.04em;
  }
  .lnm-ballot-widget .preview-banner-sub {
    font-size: 0.85em;
    color: #accf00;
    margin-top: 4px;
    text-transform: uppercase;
    letter-spacing: 0.08em;
  }
  .lnm-ballot-widget .preview-candidate-list { padding: 4px 0; }
  .lnm-ballot-widget .preview-candidate {
    display: flex;
    align-items: flex-start;
    gap: 10px;
    padding: 10px 14px;
    border-top: 1px solid #eee;
  }
  .lnm-ballot-widget .preview-candidate:first-child { border-top: none; }
  .lnm-ballot-widget .preview-candidate-info { display: flex; flex-direction: column; }
  .lnm-ballot-widget .preview-candidate-name {
    font-weight: 700;
    font-size: 0.92em;
    color: #333;
  }
  .lnm-ballot-widget .preview-candidate-designation {
    font-size: 0.82em;
    color: #666;
    margin-top: 2px;
  }
  .lnm-ballot-widget .candidate-party {
    width: 30px; height: 30px;
    border-radius: 50%;
    display: flex; align-items: center; justify-content: center;
    font-size: 11px;
    font-weight: 700;
    flex-shrink: 0;
    position: relative;
    cursor: default;
  }
  .lnm-ballot-widget .candidate-party::after {
    content: attr(data-party);
    position: absolute;
    bottom: calc(100% + 5px);
    left: 0;
    background: rgba(26,54,104,0.92);
    color: white;
    font-size: 11px;
    font-weight: 400;
    white-space: nowrap;
    padding: 4px 9px;
    border-radius: 4px;
    pointer-events: none;
    opacity: 0;
    transition: opacity 0.15s ease;
    z-index: 20;
  }
  .lnm-ballot-widget .candidate-party:hover::after { opacity: 1; }
  .lnm-ballot-widget .party-d { background: #dceef4; color: #1a6e8a; }
  .lnm-ballot-widget .party-r { background: #faeee7; color: #b85c2a; }
  .lnm-ballot-widget .party-i { background: #e8e8e8; color: #666; }
  .lnm-ballot-widget .party-na { background: #e8e8e8; color: #666; font-size: 8px; }
  .lnm-ballot-widget .party-n { background: #e8f0e8; color: #3a6e3a; }
  .lnm-ballot-widget .party-g { background: #e8f0e8; color: #2e7d32; }
  .lnm-ballot-widget .party-l { background: #fff3e0; color: #e65100; }
  .lnm-ballot-widget .party-a { background: #fce4ec; color: #880e4f; }
  .lnm-ballot-widget .party-p { background: #f3e5f5; color: #6a1b9a; }
  .lnm-ballot-widget .preview-measure-list { padding: 4px 0; }
  .lnm-ballot-widget .preview-measure {
    display: flex;
    align-items: flex-start;
    gap: 12px;
    padding: 10px 14px;
    border-top: 1px solid #eee;
  }
  .lnm-ballot-widget .preview-measure:first-child { border-top: none; }
  .lnm-ballot-widget .preview-measure-badge {
    font-size: 0.78em;
    font-weight: 700;
    letter-spacing: 0.06em;
    text-transform: uppercase;
    background: #1a3668;
    color: #accf00;
    padding: 3px 8px;
    border-radius: 4px;
    flex-shrink: 0;
    width: 130px;
    box-sizing: border-box;
    text-align: center;
    margin-top: 1px;
  }
  .lnm-ballot-widget .preview-measure-body { display: flex; flex-direction: column; gap: 4px; }
  .lnm-ballot-widget .preview-measure-jurisdiction {
    font-size: 0.92em;
    font-weight: 700;
    color: #1a3668;
  }
  .lnm-ballot-widget .preview-measure-description {
    font-size: 0.82em;
    color: #555;
    line-height: 1.5;
  }
  .lnm-ballot-widget .uncontested-wrap {
    margin-bottom: 16px;
    border-radius: 5px;
    overflow: hidden;
    border: 1px solid #1a3668;
  }
  .lnm-ballot-widget .uncontested-toggle {
    background-color: #1a3668;
    color: white;
    padding: 10px 16px;
    display: flex;
    justify-content: space-between;
    align-items: center;
    cursor: pointer;
    user-select: none;
  }
  .lnm-ballot-widget .uncontested-toggle-label { font-size: 0.92em; font-weight: 700; letter-spacing: 0.04em; }
  .lnm-ballot-widget .uncontested-toggle-count {
    font-size: 0.82em; color: #accf00; margin-left: 8px;
    font-weight: 400; text-transform: none; letter-spacing: 0;
  }
  .lnm-ballot-widget .uncontested-chevron { transition: transform 0.2s ease; flex-shrink: 0; }
  .lnm-ballot-widget .uncontested-chevron.open { transform: rotate(180deg); }
  .lnm-ballot-widget .uncontested-body { display: none; background: white; }
  .lnm-ballot-widget .uncontested-body.open { display: block; }
  .lnm-ballot-widget .uncontested-row {
    display: flex; align-items: center; justify-content: space-between;
    padding: 10px 16px; border-bottom: 1px solid #f0e68c; gap: 12px;
    background: #fffde7;
  }
  .lnm-ballot-widget .uncontested-row:last-child { border-bottom: none; }
  .lnm-ballot-widget .uncontested-race-name { font-size: 0.88em; font-weight: 700; color: #1a3668; flex: 1; }
  .lnm-ballot-widget .uncontested-candidate { font-size: 0.85em; color: #444; flex: 1; }
  .lnm-ballot-widget .uncontested-profession { font-size: 0.78em; color: #888; flex: 1; font-style: italic; }
  .lnm-ballot-widget .uncontested-badge {
    font-size: 0.72em; font-weight: 700; letter-spacing: 0.05em; text-transform: uppercase;
    background: #f2f7d9; color: #4a6020; border: 1px solid #c8e050;
    padding: 2px 8px; border-radius: 4px; flex-shrink: 0;
  }
</style>
<div class=""lnm-ballot-widget"">
<div class=""preview-banner""><div class=""preview-banner-title"">Santa Cruz County — June 2, 2026 Primary</div><div class=""preview-banner-sub"">Ballot Preview — Not Election Results</div></div><div class=""search-wrap""><input class=""search-input"" type=""text"" autocomplete=""off"" placeholder=""Search races, candidates, measures…"" id=""electionSearch""></div><div class=""no-results"" id=""noResults"">No results found.</div><div class=""uncontested-wrap"" id=""uncontestedWrap""><div class=""uncontested-toggle"" id=""uncontestedToggle""><span><span class=""uncontested-toggle-label"">Uncontested Races</span><span class=""uncontested-toggle-count"">5 races with no opposition</span></span><svg class=""uncontested-chevron"" id=""uncontestedChevron"" width=""16"" height=""16"" viewBox=""0 0 16 16"" fill=""none"" xmlns=""http://www.w3.org/2000/svg""><path d=""M4 6L8 10L12 6"" stroke=""white"" stroke-width=""2"" stroke-linecap=""round"" stroke-linejoin=""round""/></svg></div><div class=""uncontested-body"" id=""uncontestedBody""><div class=""uncontested-row""><div class=""uncontested-race-name"">County Supervisor - 3rd District</div><div class=""uncontested-candidate"">Justin Cummings</div><div class=""uncontested-profession"">Incumbent</div><div class=""uncontested-badge"">Uncontested</div></div><div class=""uncontested-row""><div class=""uncontested-race-name"">County Superintendent of Schools</div><div class=""uncontested-candidate"">Faris M Sabbah</div><div class=""uncontested-profession"">County Superintendent of Schools</div><div class=""uncontested-badge"">Uncontested</div></div><div class=""uncontested-row""><div class=""uncontested-race-name"">Assessor-Recorder</div><div class=""uncontested-candidate"">Sheri Thomas</div><div class=""uncontested-profession"">Incumbent</div><div class=""uncontested-badge"">Uncontested</div></div><div class=""uncontested-row""><div class=""uncontested-race-name"">Auditor-Controller-Treasurer-Tax Collector</div><div class=""uncontested-candidate"">Laura Bowers</div><div class=""uncontested-profession"">Appointed Auditor-Controller, Treasurer-Tax Collector</div><div class=""uncontested-badge"">Uncontested</div></div><div class=""uncontested-row""><div class=""uncontested-race-name"">County Clerk</div><div class=""uncontested-candidate"">Tricia Webber</div><div class=""uncontested-profession"">Santa Cruz County Clerk</div><div class=""uncontested-badge"">Uncontested</div></div></div></div><div class=""race-box""><div class=""race-title"">Superior Court Judge - Office 3</div><div class=""preview-candidate-list""><div class=""preview-candidate""><div class=""candidate-party party-na"" data-party=""Party Designation Not Available"">NA</div><div class=""preview-candidate-info""><div class=""preview-candidate-name"">Bryan Joseph Hackett</div><div class=""preview-candidate-designation"">Criminal Defense Attorney</div></div></div><div class=""preview-candidate""><div class=""candidate-party party-na"" data-party=""Party Designation Not Available"">NA</div><div class=""preview-candidate-info""><div class=""preview-candidate-name"">Alisa Thomas</div><div class=""preview-candidate-designation"">Immigration Attorney</div></div></div></div></div><div class=""race-box""><div class=""race-title"">County Supervisor - 4th District</div><div class=""preview-candidate-list""><div class=""preview-candidate""><div class=""candidate-party party-na"" data-party=""Party Designation Not Available"">NA</div><div class=""preview-candidate-info""><div class=""preview-candidate-name"">Elias Gonzales</div><div class=""preview-candidate-designation"">Community Organizer</div></div></div><div class=""preview-candidate""><div class=""candidate-party party-na"" data-party=""Party Designation Not Available"">NA</div><div class=""preview-candidate-info""><div class=""preview-candidate-name"">Felipe Hernandez</div><div class=""preview-candidate-designation"">Santa Cruz County Supervisor</div></div></div><div class=""preview-candidate""><div class=""candidate-party party-na"" data-party=""Party Designation Not Available"">NA</div><div class=""preview-candidate-info""><div class=""preview-candidate-name"">Tony Nuñez</div><div class=""preview-candidate-designation"">Community Health Advocate</div></div></div></div></div><div class=""race-box""><div class=""race-title"">City of Santa Cruz, Mayor</div><div class=""preview-candidate-list""><div class=""preview-candidate""><div class=""candidate-party party-na"" data-party=""Party Designation Not Available"">NA</div><div class=""preview-candidate-info""><div class=""preview-candidate-name"">Gillian Greensite</div><div class=""preview-candidate-designation"">Retired University Educator</div></div></div><div class=""preview-candidate""><div class=""candidate-party party-na"" data-party=""Party Designation Not Available"">NA</div><div class=""preview-candidate-info""><div class=""preview-candidate-name"">Joy Schendledecker</div><div class=""preview-candidate-designation"">Shelter Operations Manager</div></div></div><div class=""preview-candidate""><div class=""candidate-party party-na"" data-party=""Party Designation Not Available"">NA</div><div class=""preview-candidate-info""><div class=""preview-candidate-name"">Ryan Coonerty</div><div class=""preview-candidate-designation"">Educator/Policy Advisor</div></div></div><div class=""preview-candidate""><div class=""candidate-party party-na"" data-party=""Party Designation Not Available"">NA</div><div class=""preview-candidate-info""><div class=""preview-candidate-name"">Chris Krohn</div><div class=""preview-candidate-designation"">Radio Host/Writer</div></div></div><div class=""preview-candidate""><div class=""candidate-party party-na"" data-party=""Party Designation Not Available"">NA</div><div class=""preview-candidate-info""><div class=""preview-candidate-name"">Ami Chen Mills</div><div class=""preview-candidate-designation"">Lecturer/Educator/Consultant</div></div></div></div></div><div class=""race-box""><div class=""race-title"">City of Santa Cruz, Councilmember - District 4</div><div class=""preview-candidate-list""><div class=""preview-candidate""><div class=""candidate-party party-na"" data-party=""Party Designation Not Available"">NA</div><div class=""preview-candidate-info""><div class=""preview-candidate-name"">Scott Newsome</div><div class=""preview-candidate-designation"">University Educator/Councilmember</div></div></div><div class=""preview-candidate""><div class=""candidate-party party-na"" data-party=""Party Designation Not Available"">NA</div><div class=""preview-candidate-info""><div class=""preview-candidate-name"">Hector Marin</div><div class=""preview-candidate-designation"">Public School Paraeducator</div></div></div></div></div><div class=""race-box""><div class=""race-title"">City of Santa Cruz, Councilmember - District 6</div><div class=""preview-candidate-list""><div class=""preview-candidate""><div class=""candidate-party party-na"" data-party=""Party Designation Not Available"">NA</div><div class=""preview-candidate-info""><div class=""preview-candidate-name"">Renée Golder</div><div class=""preview-candidate-designation"">Elementary School Principal</div></div></div><div class=""preview-candidate""><div class=""candidate-party party-na"" data-party=""Party Designation Not Available"">NA</div><div class=""preview-candidate-info""><div class=""preview-candidate-name"">Gabriella Noack</div><div class=""preview-candidate-designation"">Student</div></div></div></div></div>
</div>
<script>
document.addEventListener('DOMContentLoaded', function() {
  var _ut = document.getElementById(""uncontestedToggle"");
  var _ub = document.getElementById(""uncontestedBody"");
  var _uc = document.getElementById(""uncontestedChevron"");
  if (_ut) {
    _ut.addEventListener(""click"", function() {
      _ub.classList.toggle(""open"");
      _uc.classList.toggle(""open"");
    });
  }
  var input = document.getElementById(""electionSearch"");
  var noResults = document.getElementById(""noResults"");
  if (!input) return;
  input.value = '';
  function runFilter() {
    var q = input.value.trim().toLowerCase();
    var boxes = document.querySelectorAll("".lnm-ballot-widget .race-box"");
    var visible = 0;
    boxes.forEach(function(box) {
      var show = !q || box.textContent.toLowerCase().indexOf(q) !== -1;
      box.style.display = show ? """" : ""none"";
      if (show) visible++;
    });
    if (noResults) noResults.style.display = (q && visible === 0) ? ""block"" : ""none"";
  }
  input.addEventListener(""input"", runFilter);
});
</script>"
Solano,"<style>
  .lnm-ballot-widget, .lnm-ballot-widget *, .lnm-ballot-widget *::before, .lnm-ballot-widget *::after {
    box-sizing: border-box;
  }
  .lnm-ballot-widget {
    font-family: Arial, sans-serif;
    margin: 0;
  }
  .lnm-ballot-widget .race-box {
    background-color: white;
    border: 1px solid #ddd;
    border-radius: 5px;
    margin-bottom: 20px;
    overflow: hidden;
  }
  .lnm-ballot-widget .race-title {
    background-color: #1a3668;
    color: white;
    padding: 10px 14px;
    font-weight: bold;
    font-size: 1em;
  }
  .lnm-ballot-widget .search-wrap { margin-bottom: 16px; position: relative; }
  .lnm-ballot-widget .search-input {
    width: 100%;
    padding: 10px 16px;
    font-size: 15px;
    border: 1px solid #ccc;
    border-radius: 6px;
    background: white;
    outline: none;
    box-shadow: 0 1px 3px rgba(0,0,0,0.08);
  }
  .lnm-ballot-widget .search-input:focus {
    border-color: #1a3668;
    box-shadow: 0 0 0 2px rgba(26,54,104,0.15);
  }
  .lnm-ballot-widget .no-results {
    display: none;
    text-align: center;
    color: #888;
    font-size: 14px;
    padding: 24px 0;
  }
  .lnm-ballot-widget .preview-banner {
    background: #1a3668;
    color: white;
    text-align: center;
    padding: 14px 16px;
    border-radius: 5px;
    margin-bottom: 20px;
  }
  .lnm-ballot-widget .preview-banner-title {
    font-size: 1.15em;
    font-weight: 700;
    letter-spacing: 0.04em;
  }
  .lnm-ballot-widget .preview-banner-sub {
    font-size: 0.85em;
    color: #accf00;
    margin-top: 4px;
    text-transform: uppercase;
    letter-spacing: 0.08em;
  }
  .lnm-ballot-widget .preview-candidate-list { padding: 4px 0; }
  .lnm-ballot-widget .preview-candidate {
    display: flex;
    align-items: flex-start;
    gap: 10px;
    padding: 10px 14px;
    border-top: 1px solid #eee;
  }
  .lnm-ballot-widget .preview-candidate:first-child { border-top: none; }
  .lnm-ballot-widget .preview-candidate-info { display: flex; flex-direction: column; }
  .lnm-ballot-widget .preview-candidate-name {
    font-weight: 700;
    font-size: 0.92em;
    color: #333;
  }
  .lnm-ballot-widget .preview-candidate-designation {
    font-size: 0.82em;
    color: #666;
    margin-top: 2px;
  }
  .lnm-ballot-widget .candidate-party {
    width: 30px; height: 30px;
    border-radius: 50%;
    display: flex; align-items: center; justify-content: center;
    font-size: 11px;
    font-weight: 700;
    flex-shrink: 0;
    position: relative;
    cursor: default;
  }
  .lnm-ballot-widget .candidate-party::after {
    content: attr(data-party);
    position: absolute;
    bottom: calc(100% + 5px);
    left: 0;
    background: rgba(26,54,104,0.92);
    color: white;
    font-size: 11px;
    font-weight: 400;
    white-space: nowrap;
    padding: 4px 9px;
    border-radius: 4px;
    pointer-events: none;
    opacity: 0;
    transition: opacity 0.15s ease;
    z-index: 20;
  }
  .lnm-ballot-widget .candidate-party:hover::after { opacity: 1; }
  .lnm-ballot-widget .party-d { background: #dceef4; color: #1a6e8a; }
  .lnm-ballot-widget .party-r { background: #faeee7; color: #b85c2a; }
  .lnm-ballot-widget .party-i { background: #e8e8e8; color: #666; }
  .lnm-ballot-widget .party-na { background: #e8e8e8; color: #666; font-size: 8px; }
  .lnm-ballot-widget .party-n { background: #e8f0e8; color: #3a6e3a; }
  .lnm-ballot-widget .party-g { background: #e8f0e8; color: #2e7d32; }
  .lnm-ballot-widget .party-l { background: #fff3e0; color: #e65100; }
  .lnm-ballot-widget .party-a { background: #fce4ec; color: #880e4f; }
  .lnm-ballot-widget .party-p { background: #f3e5f5; color: #6a1b9a; }
  .lnm-ballot-widget .preview-measure-list { padding: 4px 0; }
  .lnm-ballot-widget .preview-measure {
    display: flex;
    align-items: flex-start;
    gap: 12px;
    padding: 10px 14px;
    border-top: 1px solid #eee;
  }
  .lnm-ballot-widget .preview-measure:first-child { border-top: none; }
  .lnm-ballot-widget .preview-measure-badge {
    font-size: 0.78em;
    font-weight: 700;
    letter-spacing: 0.06em;
    text-transform: uppercase;
    background: #1a3668;
    color: #accf00;
    padding: 3px 8px;
    border-radius: 4px;
    flex-shrink: 0;
    width: 130px;
    box-sizing: border-box;
    text-align: center;
    margin-top: 1px;
  }
  .lnm-ballot-widget .preview-measure-body { display: flex; flex-direction: column; gap: 4px; }
  .lnm-ballot-widget .preview-measure-jurisdiction {
    font-size: 0.92em;
    font-weight: 700;
    color: #1a3668;
  }
  .lnm-ballot-widget .preview-measure-description {
    font-size: 0.82em;
    color: #555;
    line-height: 1.5;
  }
  .lnm-ballot-widget .uncontested-wrap {
    margin-bottom: 16px;
    border-radius: 5px;
    overflow: hidden;
    border: 1px solid #1a3668;
  }
  .lnm-ballot-widget .uncontested-toggle {
    background-color: #1a3668;
    color: white;
    padding: 10px 16px;
    display: flex;
    justify-content: space-between;
    align-items: center;
    cursor: pointer;
    user-select: none;
  }
  .lnm-ballot-widget .uncontested-toggle-label { font-size: 0.92em; font-weight: 700; letter-spacing: 0.04em; }
  .lnm-ballot-widget .uncontested-toggle-count {
    font-size: 0.82em; color: #accf00; margin-left: 8px;
    font-weight: 400; text-transform: none; letter-spacing: 0;
  }
  .lnm-ballot-widget .uncontested-chevron { transition: transform 0.2s ease; flex-shrink: 0; }
  .lnm-ballot-widget .uncontested-chevron.open { transform: rotate(180deg); }
  .lnm-ballot-widget .uncontested-body { display: none; background: white; }
  .lnm-ballot-widget .uncontested-body.open { display: block; }
  .lnm-ballot-widget .uncontested-row {
    display: flex; align-items: center; justify-content: space-between;
    padding: 10px 16px; border-bottom: 1px solid #f0e68c; gap: 12px;
    background: #fffde7;
  }
  .lnm-ballot-widget .uncontested-row:last-child { border-bottom: none; }
  .lnm-ballot-widget .uncontested-race-name { font-size: 0.88em; font-weight: 700; color: #1a3668; flex: 1; }
  .lnm-ballot-widget .uncontested-candidate { font-size: 0.85em; color: #444; flex: 1; }
  .lnm-ballot-widget .uncontested-profession { font-size: 0.78em; color: #888; flex: 1; font-style: italic; }
  .lnm-ballot-widget .uncontested-badge {
    font-size: 0.72em; font-weight: 700; letter-spacing: 0.05em; text-transform: uppercase;
    background: #f2f7d9; color: #4a6020; border: 1px solid #c8e050;
    padding: 2px 8px; border-radius: 4px; flex-shrink: 0;
  }
</style>
<div class=""lnm-ballot-widget"">
<div class=""preview-banner""><div class=""preview-banner-title"">Solano County — June 2, 2026 Primary</div><div class=""preview-banner-sub"">Ballot Preview — Not Election Results</div></div><div class=""search-wrap""><input class=""search-input"" type=""text"" autocomplete=""off"" placeholder=""Search races, candidates, measures…"" id=""electionSearch""></div><div class=""no-results"" id=""noResults"">No results found.</div><div class=""uncontested-wrap"" id=""uncontestedWrap""><div class=""uncontested-toggle"" id=""uncontestedToggle""><span><span class=""uncontested-toggle-label"">Uncontested Races</span><span class=""uncontested-toggle-count"">4 races with no opposition</span></span><svg class=""uncontested-chevron"" id=""uncontestedChevron"" width=""16"" height=""16"" viewBox=""0 0 16 16"" fill=""none"" xmlns=""http://www.w3.org/2000/svg""><path d=""M4 6L8 10L12 6"" stroke=""white"" stroke-width=""2"" stroke-linecap=""round"" stroke-linejoin=""round""/></svg></div><div class=""uncontested-body"" id=""uncontestedBody""><div class=""uncontested-row""><div class=""uncontested-race-name"">Solano County Superintendent of Schools</div><div class=""uncontested-candidate"">Nikki Parr</div><div class=""uncontested-profession""></div><div class=""uncontested-badge"">Uncontested</div></div><div class=""uncontested-row""><div class=""uncontested-race-name"">Assessor/Recorder</div><div class=""uncontested-candidate"">Glenn Zook</div><div class=""uncontested-profession""></div><div class=""uncontested-badge"">Uncontested</div></div><div class=""uncontested-row""><div class=""uncontested-race-name"">Auditor-Controller</div><div class=""uncontested-candidate"">Janine Harris</div><div class=""uncontested-profession""></div><div class=""uncontested-badge"">Uncontested</div></div><div class=""uncontested-row""><div class=""uncontested-race-name"">Treasurer/Tax Collector/County Clerk</div><div class=""uncontested-candidate"">Denise Dix</div><div class=""uncontested-profession""></div><div class=""uncontested-badge"">Uncontested</div></div></div></div><div class=""race-box""><div class=""race-title"">3rd Supervisorial District</div><div class=""preview-candidate-list""><div class=""preview-candidate""><div class=""candidate-party party-na"" data-party=""Party Designation Not Available"">NA</div><div class=""preview-candidate-info""><div class=""preview-candidate-name"">Eldon Brooke Parker</div></div></div><div class=""preview-candidate""><div class=""candidate-party party-na"" data-party=""Party Designation Not Available"">NA</div><div class=""preview-candidate-info""><div class=""preview-candidate-name"">Wanda Williams</div></div></div><div class=""preview-candidate""><div class=""candidate-party party-na"" data-party=""Party Designation Not Available"">NA</div><div class=""preview-candidate-info""><div class=""preview-candidate-name"">Catherine ""Cat"" Moy</div></div></div></div></div><div class=""race-box""><div class=""race-title"">4th Supervisorial District</div><div class=""preview-candidate-list""><div class=""preview-candidate""><div class=""candidate-party party-na"" data-party=""Party Designation Not Available"">NA</div><div class=""preview-candidate-info""><div class=""preview-candidate-name"">Juan P. Desmarais</div></div></div><div class=""preview-candidate""><div class=""candidate-party party-na"" data-party=""Party Designation Not Available"">NA</div><div class=""preview-candidate-info""><div class=""preview-candidate-name"">John Carli</div></div></div><div class=""preview-candidate""><div class=""candidate-party party-na"" data-party=""Party Designation Not Available"">NA</div><div class=""preview-candidate-info""><div class=""preview-candidate-name"">Michael ""Mike"" Silva</div></div></div></div></div>
</div>
<script>
document.addEventListener('DOMContentLoaded', function() {
  var _ut = document.getElementById(""uncontestedToggle"");
  var _ub = document.getElementById(""uncontestedBody"");
  var _uc = document.getElementById(""uncontestedChevron"");
  if (_ut) {
    _ut.addEventListener(""click"", function() {
      _ub.classList.toggle(""open"");
      _uc.classList.toggle(""open"");
    });
  }
  var input = document.getElementById(""electionSearch"");
  var noResults = document.getElementById(""noResults"");
  if (!input) return;
  input.value = '';
  function runFilter() {
    var q = input.value.trim().toLowerCase();
    var boxes = document.querySelectorAll("".lnm-ballot-widget .race-box"");
    var visible = 0;
    boxes.forEach(function(box) {
      var show = !q || box.textContent.toLowerCase().indexOf(q) !== -1;
      box.style.display = show ? """" : ""none"";
      if (show) visible++;
    });
    if (noResults) noResults.style.display = (q && visible === 0) ? ""block"" : ""none"";
  }
  input.addEventListener(""input"", runFilter);
});
</script>"
Sonoma,"<style>
  .lnm-ballot-widget, .lnm-ballot-widget *, .lnm-ballot-widget *::before, .lnm-ballot-widget *::after {
    box-sizing: border-box;
  }
  .lnm-ballot-widget {
    font-family: Arial, sans-serif;
    margin: 0;
  }
  .lnm-ballot-widget .race-box {
    background-color: white;
    border: 1px solid #ddd;
    border-radius: 5px;
    margin-bottom: 20px;
    overflow: hidden;
  }
  .lnm-ballot-widget .race-title {
    background-color: #1a3668;
    color: white;
    padding: 10px 14px;
    font-weight: bold;
    font-size: 1em;
  }
  .lnm-ballot-widget .search-wrap { margin-bottom: 16px; position: relative; }
  .lnm-ballot-widget .search-input {
    width: 100%;
    padding: 10px 16px;
    font-size: 15px;
    border: 1px solid #ccc;
    border-radius: 6px;
    background: white;
    outline: none;
    box-shadow: 0 1px 3px rgba(0,0,0,0.08);
  }
  .lnm-ballot-widget .search-input:focus {
    border-color: #1a3668;
    box-shadow: 0 0 0 2px rgba(26,54,104,0.15);
  }
  .lnm-ballot-widget .no-results {
    display: none;
    text-align: center;
    color: #888;
    font-size: 14px;
    padding: 24px 0;
  }
  .lnm-ballot-widget .preview-banner {
    background: #1a3668;
    color: white;
    text-align: center;
    padding: 14px 16px;
    border-radius: 5px;
    margin-bottom: 20px;
  }
  .lnm-ballot-widget .preview-banner-title {
    font-size: 1.15em;
    font-weight: 700;
    letter-spacing: 0.04em;
  }
  .lnm-ballot-widget .preview-banner-sub {
    font-size: 0.85em;
    color: #accf00;
    margin-top: 4px;
    text-transform: uppercase;
    letter-spacing: 0.08em;
  }
  .lnm-ballot-widget .preview-candidate-list { padding: 4px 0; }
  .lnm-ballot-widget .preview-candidate {
    display: flex;
    align-items: flex-start;
    gap: 10px;
    padding: 10px 14px;
    border-top: 1px solid #eee;
  }
  .lnm-ballot-widget .preview-candidate:first-child { border-top: none; }
  .lnm-ballot-widget .preview-candidate-info { display: flex; flex-direction: column; }
  .lnm-ballot-widget .preview-candidate-name {
    font-weight: 700;
    font-size: 0.92em;
    color: #333;
  }
  .lnm-ballot-widget .preview-candidate-designation {
    font-size: 0.82em;
    color: #666;
    margin-top: 2px;
  }
  .lnm-ballot-widget .candidate-party {
    width: 30px; height: 30px;
    border-radius: 50%;
    display: flex; align-items: center; justify-content: center;
    font-size: 11px;
    font-weight: 700;
    flex-shrink: 0;
    position: relative;
    cursor: default;
  }
  .lnm-ballot-widget .candidate-party::after {
    content: attr(data-party);
    position: absolute;
    bottom: calc(100% + 5px);
    left: 0;
    background: rgba(26,54,104,0.92);
    color: white;
    font-size: 11px;
    font-weight: 400;
    white-space: nowrap;
    padding: 4px 9px;
    border-radius: 4px;
    pointer-events: none;
    opacity: 0;
    transition: opacity 0.15s ease;
    z-index: 20;
  }
  .lnm-ballot-widget .candidate-party:hover::after { opacity: 1; }
  .lnm-ballot-widget .party-d { background: #dceef4; color: #1a6e8a; }
  .lnm-ballot-widget .party-r { background: #faeee7; color: #b85c2a; }
  .lnm-ballot-widget .party-i { background: #e8e8e8; color: #666; }
  .lnm-ballot-widget .party-na { background: #e8e8e8; color: #666; font-size: 8px; }
  .lnm-ballot-widget .party-n { background: #e8f0e8; color: #3a6e3a; }
  .lnm-ballot-widget .party-g { background: #e8f0e8; color: #2e7d32; }
  .lnm-ballot-widget .party-l { background: #fff3e0; color: #e65100; }
  .lnm-ballot-widget .party-a { background: #fce4ec; color: #880e4f; }
  .lnm-ballot-widget .party-p { background: #f3e5f5; color: #6a1b9a; }
  .lnm-ballot-widget .preview-measure-list { padding: 4px 0; }
  .lnm-ballot-widget .preview-measure {
    display: flex;
    align-items: flex-start;
    gap: 12px;
    padding: 10px 14px;
    border-top: 1px solid #eee;
  }
  .lnm-ballot-widget .preview-measure:first-child { border-top: none; }
  .lnm-ballot-widget .preview-measure-badge {
    font-size: 0.78em;
    font-weight: 700;
    letter-spacing: 0.06em;
    text-transform: uppercase;
    background: #1a3668;
    color: #accf00;
    padding: 3px 8px;
    border-radius: 4px;
    flex-shrink: 0;
    width: 130px;
    box-sizing: border-box;
    text-align: center;
    margin-top: 1px;
  }
  .lnm-ballot-widget .preview-measure-body { display: flex; flex-direction: column; gap: 4px; }
  .lnm-ballot-widget .preview-measure-jurisdiction {
    font-size: 0.92em;
    font-weight: 700;
    color: #1a3668;
  }
  .lnm-ballot-widget .preview-measure-description {
    font-size: 0.82em;
    color: #555;
    line-height: 1.5;
  }
  .lnm-ballot-widget .uncontested-wrap {
    margin-bottom: 16px;
    border-radius: 5px;
    overflow: hidden;
    border: 1px solid #1a3668;
  }
  .lnm-ballot-widget .uncontested-toggle {
    background-color: #1a3668;
    color: white;
    padding: 10px 16px;
    display: flex;
    justify-content: space-between;
    align-items: center;
    cursor: pointer;
    user-select: none;
  }
  .lnm-ballot-widget .uncontested-toggle-label { font-size: 0.92em; font-weight: 700; letter-spacing: 0.04em; }
  .lnm-ballot-widget .uncontested-toggle-count {
    font-size: 0.82em; color: #accf00; margin-left: 8px;
    font-weight: 400; text-transform: none; letter-spacing: 0;
  }
  .lnm-ballot-widget .uncontested-chevron { transition: transform 0.2s ease; flex-shrink: 0; }
  .lnm-ballot-widget .uncontested-chevron.open { transform: rotate(180deg); }
  .lnm-ballot-widget .uncontested-body { display: none; background: white; }
  .lnm-ballot-widget .uncontested-body.open { display: block; }
  .lnm-ballot-widget .uncontested-row {
    display: flex; align-items: center; justify-content: space-between;
    padding: 10px 16px; border-bottom: 1px solid #f0e68c; gap: 12px;
    background: #fffde7;
  }
  .lnm-ballot-widget .uncontested-row:last-child { border-bottom: none; }
  .lnm-ballot-widget .uncontested-race-name { font-size: 0.88em; font-weight: 700; color: #1a3668; flex: 1; }
  .lnm-ballot-widget .uncontested-candidate { font-size: 0.85em; color: #444; flex: 1; }
  .lnm-ballot-widget .uncontested-profession { font-size: 0.78em; color: #888; flex: 1; font-style: italic; }
  .lnm-ballot-widget .uncontested-badge {
    font-size: 0.72em; font-weight: 700; letter-spacing: 0.05em; text-transform: uppercase;
    background: #f2f7d9; color: #4a6020; border: 1px solid #c8e050;
    padding: 2px 8px; border-radius: 4px; flex-shrink: 0;
  }
</style>
<div class=""lnm-ballot-widget"">
<div class=""preview-banner""><div class=""preview-banner-title"">Sonoma County — June 2, 2026 Primary</div><div class=""preview-banner-sub"">Ballot Preview — Not Election Results</div></div><div class=""search-wrap""><input class=""search-input"" type=""text"" autocomplete=""off"" placeholder=""Search races, candidates, measures…"" id=""electionSearch""></div><div class=""no-results"" id=""noResults"">No results found.</div><div class=""uncontested-wrap"" id=""uncontestedWrap""><div class=""uncontested-toggle"" id=""uncontestedToggle""><span><span class=""uncontested-toggle-label"">Uncontested Races</span><span class=""uncontested-toggle-count"">4 races with no opposition</span></span><svg class=""uncontested-chevron"" id=""uncontestedChevron"" width=""16"" height=""16"" viewBox=""0 0 16 16"" fill=""none"" xmlns=""http://www.w3.org/2000/svg""><path d=""M4 6L8 10L12 6"" stroke=""white"" stroke-width=""2"" stroke-linecap=""round"" stroke-linejoin=""round""/></svg></div><div class=""uncontested-body"" id=""uncontestedBody""><div class=""uncontested-row""><div class=""uncontested-race-name"">Judge of the Superior Court, Office #10</div><div class=""uncontested-candidate"">David Kim</div><div class=""uncontested-profession"">Superior Court Commissioner</div><div class=""uncontested-badge"">Uncontested</div></div><div class=""uncontested-row""><div class=""uncontested-race-name"">County Superintendent of Schools</div><div class=""uncontested-candidate"">Amie Carter</div><div class=""uncontested-profession"">County Superintendent of Schools</div><div class=""uncontested-badge"">Uncontested</div></div><div class=""uncontested-row""><div class=""uncontested-race-name"">Auditor-Controller-Treasurer-Tax Collector</div><div class=""uncontested-candidate"">Amanda Ruch</div><div class=""uncontested-profession"">Assistant Auditor-Controller</div><div class=""uncontested-badge"">Uncontested</div></div><div class=""uncontested-row""><div class=""uncontested-race-name"">County Clerk-Recorder-Assessor</div><div class=""uncontested-candidate"">Deva Marie Proto</div><div class=""uncontested-profession"">County Clerk-Recorder-Assessor</div><div class=""uncontested-badge"">Uncontested</div></div></div></div><div class=""race-box""><div class=""race-title"">County Supervisor, 2nd District</div><div class=""preview-candidate-list""><div class=""preview-candidate""><div class=""candidate-party party-na"" data-party=""Party Designation Not Available"">NA</div><div class=""preview-candidate-info""><div class=""preview-candidate-name"">Joanna Paun</div><div class=""preview-candidate-designation"">Trustee, Petaluma Jt. Union High School District, Area 5</div></div></div><div class=""preview-candidate""><div class=""candidate-party party-na"" data-party=""Party Designation Not Available"">NA</div><div class=""preview-candidate-info""><div class=""preview-candidate-name"">Shelina Moreda</div><div class=""preview-candidate-designation"">Professional Athlete/Farmer</div></div></div><div class=""preview-candidate""><div class=""candidate-party party-na"" data-party=""Party Designation Not Available"">NA</div><div class=""preview-candidate-info""><div class=""preview-candidate-name"">Sylvia Lemus</div><div class=""preview-candidate-designation"">Councilmember/Businesswoman/Mom</div></div></div><div class=""preview-candidate""><div class=""candidate-party party-na"" data-party=""Party Designation Not Available"">NA</div><div class=""preview-candidate-info""><div class=""preview-candidate-name"">John E. King</div><div class=""preview-candidate-designation"">Operating Engineer/Farmer</div></div></div></div></div><div class=""race-box""><div class=""race-title"">County Supervisor, 4th District</div><div class=""preview-candidate-list""><div class=""preview-candidate""><div class=""candidate-party party-na"" data-party=""Party Designation Not Available"">NA</div><div class=""preview-candidate-info""><div class=""preview-candidate-name"">Todd Lands</div><div class=""preview-candidate-designation"">Councilman/Small Businessman</div></div></div><div class=""preview-candidate""><div class=""candidate-party party-na"" data-party=""Party Designation Not Available"">NA</div><div class=""preview-candidate-info""><div class=""preview-candidate-name"">Melanie Bagby</div><div class=""preview-candidate-designation"">Business Owner</div></div></div><div class=""preview-candidate""><div class=""candidate-party party-na"" data-party=""Party Designation Not Available"">NA</div><div class=""preview-candidate-info""><div class=""preview-candidate-name"">Tom Schwedhelm</div><div class=""preview-candidate-designation"">Small Business Owner</div></div></div></div></div><div class=""race-box""><div class=""race-title"">Measures on the Ballot</div><div class=""preview-measure-list""><div class=""preview-measure""><div class=""preview-measure-badge"">Measure A</div><div class=""preview-measure-body""><div class=""preview-measure-jurisdiction"">Twin Hills Union School District</div><div class=""preview-measure-description"">To improve the quality of education; modernize and renovate classrooms, restrooms and school facilities; and make health, safety and security improvements; shall Twin Hills Union School District's measure be adopted authorizing $14,000,000 of bonds at legal interest rates, generating on average $964,000 annually as long as bonds are outstanding, projected rates not exceeding $30 per $100,000 assessed value, with annual audits, independent citizens' oversight committee, no money for salaries and no money taken by the State?</div></div></div><div class=""preview-measure""><div class=""preview-measure-badge"">Measure B</div><div class=""preview-measure-body""><div class=""preview-measure-jurisdiction"">Sonoma-Marin Area Rail Transit District</div><div class=""preview-measure-description"">Without increasing taxes, continue Sonoma-Marin Area Rail Transit District regional train and bicycle/pedestrian pathway service beyond 2029 to serve residents including seniors, youth, essential workers, and low-income households; relieve traffic congestion; complete planned rail/pathway expansion; increase ridership; preserve community's historic rail infrastructure investment; maintain clean/safe trains; reduce greenhouse gas emissions, shall the measure extending the ¼ cent, voter-approved, sales tax for 30 years, generating approximately $51,000,000 annually beginning in 2029, be adopted?</div></div></div><div class=""preview-measure""><div class=""preview-measure-badge"">Measure C</div><div class=""preview-measure-body""><div class=""preview-measure-jurisdiction"">Bellevue Union School District</div><div class=""preview-measure-description"">To support student success with funding that cannot be taken by the State; provide science, technology, engineering, math programs; promote library programs and literacy; maintain and expand programs in music and art; increase physical activity and athletic opportunities for student health; shall Bellevue Union School District's measure be adopted authorizing a parcel tax for four years at $49 per parcel, raising approximately $350,000 annually, with no funds for administrators' salaries, exemption for seniors, and all funds staying local?</div></div></div></div></div>
</div>
<script>
document.addEventListener('DOMContentLoaded', function() {
  var _ut = document.getElementById(""uncontestedToggle"");
  var _ub = document.getElementById(""uncontestedBody"");
  var _uc = document.getElementById(""uncontestedChevron"");
  if (_ut) {
    _ut.addEventListener(""click"", function() {
      _ub.classList.toggle(""open"");
      _uc.classList.toggle(""open"");
    });
  }
  var input = document.getElementById(""electionSearch"");
  var noResults = document.getElementById(""noResults"");
  if (!input) return;
  input.value = '';
  function runFilter() {
    var q = input.value.trim().toLowerCase();
    var boxes = document.querySelectorAll("".lnm-ballot-widget .race-box"");
    var visible = 0;
    boxes.forEach(function(box) {
      var show = !q || box.textContent.toLowerCase().indexOf(q) !== -1;
      box.style.display = show ? """" : ""none"";
      if (show) visible++;
    });
    if (noResults) noResults.style.display = (q && visible === 0) ? ""block"" : ""none"";
  }
  input.addEventListener(""input"", runFilter);
});
</script>"
